2014.06.02 08:27:24.475,1.36058,1.3606,2.82,1.00
2014.06.02 08:27:25.620,1.36059,1.3606,1.13,1.00
2014.06.02 08:27:26.145,1.36058,1.36059,1.13,2.25
2014.06.02 08:27:27.870,1.36056,1.36059,4.47,2.25
2014.06.02 08:27:28.274,1.36056,1.36057,1.28,1.00
2014.06.02 08:27:29.343,1.36056,1.36059,1.20,6.19
2014.06.02 08:27:30.464,1.36051,1.36056,10.50,4.50
2014.06.02 08:27:30.768,1.36051,1.36053,1.00,3.94
2014.06.02 08:27:30.890,1.36051,1.36053,1.00,3.75
2014.06.02 08:27:31.435,1.3605,1.36052,2.82,1.00
2014.06.02 08:27:31.941,1.3605,1.36052,2.63,1.00
2014.06.02 08:27:32.478,1.3605,1.36051,1.50,1.00
2014.06.02 08:27:33.945,1.3605,1.36052,4.13,1.00
2014.06.02 08:27:34.149,1.36052,1.36053,1.00,2.63
2014.06.02 08:27:34.704,1.36051,1.36053,3.75,1.50
2014.06.02 08:27:35.620,1.36051,1.36052,1.50,1.00
2014.06.02 08:27:35.939,1.36051,1.36053,1.00,3.57
2014.06.02 08:27:36.448,1.36049,1.36052,3.94,1.00
2014.06.02 08:27:40.791,1.36049,1.36051,3.38,1.50
2014.06.02 08:27:41.044,1.3605,1.36053,7.36,3.49
2014.06.02 08:27:41.549,1.3605,1.36053,7.79,2.55
2014.06.02 08:27:41.954,1.3605,1.36053,5.85,4.32
2014.06.02 08:27:42.985,1.3605,1.36051,2.48,1.00
2014.06.02 08:27:43.488,1.3605,1.36051,3.60,1.50
2014.06.02 08:27:46.635,1.3605,1.36051,3.60,2.25
2014.06.02 08:27:47.997,1.3605,1.36053,4.35,5.93
2014.06.02 08:27:48.517,1.3605,1.36052,4.36,1.00
2014.06.02 08:27:49.072,1.36049,1.36051,5.82,1.00
2014.06.02 08:27:49.576,1.3605,1.36052,1.50,2.44
2014.06.02 08:27:50.120,1.3605,1.36052,2.55,2.44
2014.06.02 08:27:50.171,1.3605,1.36052,2.93,3.19
2014.06.02 08:27:50.706,1.36051,1.36052,1.00,1.13
2014.06.02 08:27:51.342,1.36051,1.36053,1.00,5.74
2014.06.02 08:27:52.002,1.3605,1.36052,2.55,1.00
2014.06.02 08:27:53.033,1.3605,1.36052,2.55,1.13
2014.06.02 08:27:54.280,1.36052,1.36053,3.38,2.25
2014.06.02 08:27:54.382,1.36053,1.36055,6.38,3.38
2014.06.02 08:27:55.345,1.36055,1.36056,1.00,2.07
2014.06.02 08:27:56.856,1.36054,1.36055,2.25,1.00
2014.06.02 08:27:58.854,1.36055,1.36056,1.00,2.07
2014.06.02 08:28:01.394,1.36054,1.36055,1.88,1.00
2014.06.02 08:28:02.161,1.36055,1.36056,1.00,1.32
2014.06.02 08:28:04.262,1.36054,1.36056,3.11,1.00
2014.06.02 08:28:04.778,1.36055,1.36057,1.00,8.03
2014.06.02 08:28:05.480,1.36053,1.36055,8.63,9.98
2014.06.02 08:28:05.581,1.36053,1.36055,4.50,17.56
2014.06.02 08:28:05.632,1.36051,1.36053,5.25,5.50
2014.06.02 08:28:05.935,1.3605,1.36052,9.30,5.25
2014.06.02 08:28:06.087,1.3605,1.36052,9.49,3.75
2014.06.02 08:28:06.340,1.3605,1.36052,1.43,4.43
2014.06.02 08:28:11.616,1.3605,1.36052,1.14,6.25
2014.06.02 08:28:12.143,1.36048,1.36051,5.25,2.50
2014.06.02 08:28:13.626,1.36049,1.36051,1.14,1.50
2014.06.02 08:28:14.951,1.36049,1.36051,1.00,2.50
2014.06.02 08:28:15.506,1.3605,1.36052,1.89,3.75
2014.06.02 08:28:15.910,1.3605,1.36052,1.14,6.75
2014.06.02 08:28:17.916,1.3605,1.36052,1.14,9.07
2014.06.02 08:28:18.421,1.3605,1.36052,1.89,2.25
2014.06.02 08:28:19.391,1.36052,1.36053,1.50,2.55
2014.06.02 08:28:19.543,1.36052,1.36055,4.13,3.94
2014.06.02 08:28:20.539,1.36054,1.36055,1.00,3.94
2014.06.02 08:28:21.046,1.36055,1.36057,1.50,3.49
2014.06.02 08:28:24.858,1.36054,1.36057,1.50,3.37
2014.06.02 08:28:25.229,1.36053,1.36057,8.82,6.74
2014.06.02 08:28:26.322,1.36052,1.36055,6.94,2.50
2014.06.02 08:28:26.777,1.3605,1.36053,5.83,4.00
2014.06.02 08:28:27.484,1.3605,1.36053,3.58,4.00
2014.06.02 08:28:27.989,1.3605,1.36053,3.21,4.00
2014.06.02 08:28:28.853,1.36051,1.36053,1.38,3.00
2014.06.02 08:28:29.246,1.36053,1.36054,3.38,1.50
2014.06.02 08:28:29.795,1.36053,1.36055,5.25,2.25
2014.06.02 08:28:30.151,1.36054,1.36056,1.00,1.99
2014.06.02 08:28:33.052,1.36055,1.36056,1.00,1.05
2014.06.02 08:28:33.819,1.36054,1.36056,2.44,3.93
2014.06.02 08:28:34.342,1.36053,1.36055,4.50,3.63
2014.06.02 08:28:34.645,1.36052,1.36055,3.38,6.00
2014.06.02 08:28:35.219,1.36053,1.36055,2.44,2.25
2014.06.02 08:28:35.745,1.36053,1.36055,2.44,4.75
2014.06.02 08:28:35.947,1.36051,1.36054,1.13,9.25
2014.06.02 08:28:36.262,1.3605,1.36052,1.73,5.50
2014.06.02 08:28:36.565,1.36048,1.36051,1.88,5.25
2014.06.02 08:28:36.767,1.36049,1.36051,1.23,2.25
2014.06.02 08:28:37.273,1.36049,1.36051,4.39,1.00
2014.06.02 08:28:38.795,1.36049,1.36052,1.48,5.25
2014.06.02 08:28:39.334,1.36049,1.36052,2.44,8.63
2014.06.02 08:28:39.850,1.36048,1.36052,5.44,8.07
2014.06.02 08:28:40.406,1.36049,1.36052,1.50,5.82
2014.06.02 08:28:41.568,1.3605,1.36052,1.00,2.63
2014.06.02 08:28:42.804,1.3605,1.36052,2.43,2.50
2014.06.02 08:28:43.208,1.36048,1.36052,4.13,3.82
2014.06.02 08:28:43.309,1.36049,1.36052,1.69,2.73
2014.06.02 08:28:45.428,1.36048,1.3605,7.69,4.00
2014.06.02 08:28:45.530,1.36047,1.36049,2.25,5.25
2014.06.02 08:28:46.036,1.36047,1.36049,1.00,3.00
2014.06.02 08:28:47.828,1.36047,1.36049,1.00,3.25
2014.06.02 08:28:48.733,1.36044,1.36048,1.50,2.32
2014.06.02 08:28:48.936,1.36042,1.36044,1.00,8.82
2014.06.02 08:28:49.441,1.36042,1.36044,3.25,3.75
2014.06.02 08:28:49.492,1.36043,1.36044,1.00,3.00
2014.06.02 08:28:49.998,1.36045,1.36046,1.00,2.25
2014.06.02 08:28:50.151,1.36046,1.36048,1.00,5.25
2014.06.02 08:28:50.789,1.36046,1.36048,1.50,3.63
2014.06.02 08:28:50.840,1.36046,1.36048,1.00,4.88
2014.06.02 08:28:51.144,1.3604,1.36043,3.57,5.05
2014.06.02 08:28:51.295,1.36039,1.36042,1.80,3.25
2014.06.02 08:28:51.800,1.36038,1.36041,5.37,4.00
2014.06.02 08:28:52.356,1.36038,1.36041,6.12,3.00
2014.06.02 08:28:52.699,1.36042,1.36043,2.25,1.50
2014.06.02 08:28:53.841,1.36041,1.36043,1.69,3.00
2014.06.02 08:28:54.352,1.3604,1.36043,4.32,4.75
2014.06.02 08:28:54.884,1.3604,1.36043,1.32,6.25
2014.06.02 08:28:55.187,1.36039,1.36043,4.77,8.32
2014.06.02 08:28:55.729,1.36039,1.36043,4.24,11.24
2014.06.02 08:28:55.780,1.36039,1.36043,4.24,12.74
2014.06.02 08:28:56.922,1.3604,1.36043,1.00,18.12
2014.06.02 08:28:57.073,1.36039,1.36042,6.21,2.50
2014.06.02 08:28:57.377,1.36037,1.3604,3.66,5.54
2014.06.02 08:28:57.429,1.36036,1.36039,2.82,2.50
2014.06.02 08:28:57.938,1.36035,1.36039,9.10,6.94
2014.06.02 08:29:03.119,1.36036,1.36039,1.00,7.69
2014.06.02 08:29:03.220,1.36038,1.3604,1.00,6.00
2014.06.02 08:29:03.765,1.3604,1.36041,1.00,1.50
2014.06.02 08:29:05.307,1.3604,1.36043,9.57,1.50
2014.06.02 08:29:05.829,1.3604,1.36043,9.57,2.25
2014.06.02 08:29:07.280,1.3604,1.36043,7.32,1.50
2014.06.02 08:29:07.805,1.3604,1.36043,10.32,1.50
2014.06.02 08:29:10.013,1.36042,1.36043,1.32,1.00
2014.06.02 08:29:10.165,1.36042,1.36045,3.57,2.25
2014.06.02 08:29:12.494,1.36042,1.36045,3.57,1.00
2014.06.02 08:29:13.009,1.36042,1.36045,3.19,3.25
2014.06.02 08:29:13.621,1.36042,1.36045,3.57,2.13
2014.06.02 08:29:13.772,1.36044,1.36046,2.13,2.25
2014.06.02 08:29:13.976,1.36045,1.36046,1.50,1.50
2014.06.02 08:29:15.344,1.36045,1.36048,6.56,1.50
2014.06.02 08:29:18.934,1.36047,1.3605,5.07,7.88
2014.06.02 08:29:18.986,1.36049,1.3605,2.25,4.50
2014.06.02 08:29:19.492,1.3605,1.36055,4.88,13.00
2014.06.02 08:29:19.865,1.36055,1.36057,1.50,1.00
2014.06.02 08:29:20.412,1.36055,1.36058,4.85,3.94
2014.06.02 08:29:20.937,1.36055,1.36058,2.63,4.69
2014.06.02 08:29:22.013,1.36055,1.36058,2.25,4.32
2014.06.02 08:29:22.215,1.36054,1.36056,4.32,2.50
2014.06.02 08:29:22.367,1.3605,1.36053,13.00,9.05
2014.06.02 08:29:22.673,1.36049,1.36051,3.38,4.09
2014.06.02 08:29:23.178,1.36048,1.3605,1.50,3.15
2014.06.02 08:29:25.954,1.36047,1.3605,1.00,5.78
2014.06.02 08:29:26.470,1.36046,1.36049,1.32,3.38
2014.06.02 08:29:26.521,1.36045,1.36048,6.38,3.63
2014.06.02 08:29:27.026,1.36045,1.36047,1.69,3.53
2014.06.02 08:29:27.531,1.36044,1.36046,1.69,3.00
2014.06.02 08:29:28.391,1.36043,1.36046,8.82,2.25
2014.06.02 08:29:28.914,1.36043,1.36045,9.19,2.50
2014.06.02 08:29:29.451,1.36043,1.36045,6.94,2.25
2014.06.02 08:29:30.524,1.36044,1.36046,1.50,1.00
2014.06.02 08:29:31.135,1.36043,1.36046,6.72,1.00
2014.06.02 08:29:31.640,1.36043,1.36046,8.82,1.50
2014.06.02 08:29:31.742,1.36043,1.36045,4.88,2.13
2014.06.02 08:29:32.247,1.36043,1.36045,4.88,1.88
2014.06.02 08:29:32.773,1.36043,1.36045,4.88,2.13
2014.06.02 08:29:33.077,1.36041,1.36044,1.00,17.59
2014.06.02 08:29:33.180,1.36038,1.36042,4.22,6.75
2014.06.02 08:29:33.686,1.36039,1.36042,1.00,9.30
2014.06.02 08:29:34.197,1.36038,1.36041,3.94,4.51
2014.06.02 08:29:34.737,1.36038,1.36041,1.69,4.51
2014.06.02 08:29:35.242,1.36037,1.3604,2.44,5.13
2014.06.02 08:29:36.169,1.36036,1.3604,3.94,5.82
2014.06.02 08:29:40.533,1.36036,1.3604,1.50,10.19
2014.06.02 08:29:42.173,1.36037,1.3604,1.00,4.13
2014.06.02 08:29:43.182,1.36035,1.36038,2.25,3.03
2014.06.02 08:29:43.711,1.36035,1.36037,1.00,2.50
2014.06.02 08:29:45.472,1.36035,1.36037,1.00,1.50
2014.06.02 08:29:45.977,1.36036,1.36039,1.00,10.88
2014.06.02 08:29:48.784,1.36035,1.36039,3.94,3.38
2014.06.02 08:29:49.520,1.36038,1.3604,2.10,5.25
2014.06.02 08:29:49.873,1.36038,1.3604,1.00,7.13
2014.06.02 08:29:49.974,1.36036,1.3604,4.32,8.63
2014.06.02 08:29:51.723,1.36037,1.3604,1.00,8.44
2014.06.02 08:29:53.828,1.36037,1.3604,1.00,9.07
2014.06.02 08:29:55.168,1.36038,1.3604,1.00,6.94
2014.06.02 08:29:57.380,1.36039,1.3604,1.50,8.44
2014.06.02 08:29:57.684,1.36038,1.3604,1.25,1.00
2014.06.02 08:29:57.787,1.36038,1.3604,1.00,1.88
2014.06.02 08:29:59.005,1.36037,1.3604,1.50,5.32
2014.06.02 08:29:59.509,1.36038,1.3604,1.00,5.07
2014.06.02 08:29:59.963,1.36037,1.3604,1.50,5.63
2014.06.02 08:30:00.367,1.36037,1.36039,1.00,2.50
2014.06.02 08:30:00.418,1.36035,1.36039,4.13,4.32
2014.06.02 08:30:00.469,1.36034,1.36038,3.57,3.25
2014.06.02 08:30:00.722,1.36035,1.36038,2.25,2.25
2014.06.02 08:30:01.685,1.36036,1.36038,1.00,1.50
2014.06.02 08:30:01.888,1.36037,1.36039,1.00,1.88
2014.06.02 08:30:02.192,1.36041,1.36043,4.19,3.38
2014.06.02 08:30:02.245,1.3604,1.36043,1.13,4.38
2014.06.02 08:30:02.771,1.36039,1.36042,1.00,4.69
2014.06.02 08:30:02.874,1.36038,1.36041,1.00,4.75
2014.06.02 08:30:03.228,1.3604,1.36045,11.25,6.23
2014.06.02 08:30:03.286,1.36043,1.36045,5.25,7.88
2014.06.02 08:30:03.541,1.36044,1.36045,4.50,2.25
2014.06.02 08:30:04.624,1.36043,1.36045,9.94,1.00
2014.06.02 08:30:04.827,1.36041,1.36044,2.48,4.00
2014.06.02 08:30:04.979,1.36039,1.36041,1.13,3.19
2014.06.02 08:30:05.132,1.36036,1.3604,3.57,7.38
2014.06.02 08:30:05.233,1.36038,1.3604,1.00,10.00
2014.06.02 08:30:05.747,1.36039,1.36041,1.00,5.44
2014.06.02 08:30:06.737,1.36038,1.3604,3.19,2.50
2014.06.02 08:30:06.838,1.36033,1.36038,3.75,5.63
2014.06.02 08:30:06.889,1.36034,1.36037,5.63,3.38
2014.06.02 08:30:07.444,1.36033,1.36035,2.44,7.51
2014.06.02 08:30:07.949,1.36032,1.36035,1.25,16.13
2014.06.02 08:30:08.253,1.36034,1.36035,1.00,8.63
2014.06.02 08:30:08.846,1.36033,1.36035,1.00,13.13
2014.06.02 08:30:09.378,1.36032,1.36035,4.69,10.69
2014.06.02 08:30:10.245,1.36034,1.36035,1.00,8.25
2014.06.02 08:30:10.448,1.36032,1.36035,3.19,12.38
2014.06.02 08:30:10.953,1.36032,1.36034,1.50,3.82
2014.06.02 08:30:11.487,1.36032,1.36034,1.50,3.38
2014.06.02 08:30:12.136,1.36033,1.36034,1.00,3.38
2014.06.02 08:30:13.375,1.36032,1.36034,1.50,4.38
2014.06.02 08:30:13.903,1.36032,1.36034,1.50,4.13
2014.06.02 08:30:14.257,1.36034,1.36035,1.00,1.88
2014.06.02 08:30:14.763,1.36034,1.36035,3.00,1.50
2014.06.02 08:30:15.421,1.36034,1.36036,2.63,4.30
2014.06.02 08:30:15.978,1.36037,1.36038,1.30,2.25
2014.06.02 08:30:16.029,1.36037,1.3604,5.67,4.13
2014.06.02 08:30:16.131,1.3604,1.36041,1.00,2.25
2014.06.02 08:30:16.232,1.3604,1.36042,2.25,3.38
2014.06.02 08:30:16.334,1.36041,1.36045,4.50,10.13
2014.06.02 08:30:16.435,1.36043,1.36045,2.63,4.13
2014.06.02 08:30:16.941,1.36043,1.36045,4.69,1.50
2014.06.02 08:30:16.991,1.36043,1.36045,3.00,5.45
2014.06.02 08:30:17.093,1.36041,1.36045,1.50,13.84
2014.06.02 08:30:17.285,1.36038,1.36041,2.25,2.80
2014.06.02 08:30:17.538,1.36041,1.36042,1.00,3.00
2014.06.02 08:30:18.044,1.3604,1.36042,2.63,3.00
2014.06.02 08:30:18.349,1.3604,1.36042,1.88,5.37
2014.06.02 08:30:18.451,1.36038,1.36041,1.50,3.37
2014.06.02 08:30:18.975,1.36036,1.36039,1.32,3.25
2014.06.02 08:30:19.784,1.36035,1.36039,8.82,3.75
2014.06.02 08:30:20.239,1.36035,1.36037,7.32,1.00
2014.06.02 08:30:21.292,1.36037,1.36038,1.50,1.00
2014.06.02 08:30:22.758,1.36037,1.36038,6.38,1.00
2014.06.02 08:30:23.214,1.36041,1.36042,1.15,1.13
2014.06.02 08:30:23.771,1.36039,1.36042,2.82,2.25
2014.06.02 08:30:24.181,1.36039,1.36042,1.50,5.05
2014.06.02 08:30:24.333,1.36037,1.3604,3.00,5.25
2014.06.02 08:30:25.528,1.36036,1.36039,1.00,4.75
2014.06.02 08:30:26.033,1.36035,1.36038,8.82,1.00
2014.06.02 08:30:26.392,1.36035,1.36039,9.19,2.25
2014.06.02 08:30:26.645,1.36035,1.36038,14.07,1.00
2014.06.02 08:30:26.697,1.36036,1.36039,4.00,1.50
2014.06.02 08:30:26.899,1.36035,1.36037,2.82,1.00
2014.06.02 08:30:27.526,1.36035,1.36038,2.44,3.38
2014.06.02 08:30:28.658,1.36037,1.36038,1.00,1.88
2014.06.02 08:30:29.214,1.36037,1.36039,2.63,1.00
2014.06.02 08:30:29.669,1.36039,1.36041,1.00,1.00
2014.06.02 08:30:29.770,1.3604,1.36042,1.00,2.63
2014.06.02 08:30:29.872,1.36041,1.36043,1.00,3.57
2014.06.02 08:30:30.376,1.36041,1.36042,1.50,1.13
2014.06.02 08:30:31.085,1.36041,1.36043,1.00,3.68
2014.06.02 08:30:31.337,1.3604,1.36043,2.63,5.55
2014.06.02 08:30:31.523,1.36041,1.36043,1.00,4.88
2014.06.02 08:30:31.625,1.36042,1.36044,1.00,5.48
2014.06.02 08:30:31.676,1.36043,1.36045,1.69,10.05
2014.06.02 08:30:32.341,1.36043,1.36046,14.10,2.25
2014.06.02 08:30:32.981,1.36044,1.36047,14.81,4.60
2014.06.02 08:30:33.183,1.36047,1.3605,4.77,3.60
2014.06.02 08:30:33.284,1.36048,1.36051,4.45,1.25
2014.06.02 08:30:33.588,1.3605,1.36053,3.70,3.57
2014.06.02 08:30:33.841,1.36048,1.36051,11.25,1.00
2014.06.02 08:30:34.396,1.36049,1.36051,2.13,1.80
2014.06.02 08:30:34.851,1.36049,1.36051,1.00,3.75
2014.06.02 08:30:36.184,1.36049,1.36051,4.00,1.50
2014.06.02 08:30:37.153,1.3605,1.36052,1.88,1.00
2014.06.02 08:30:38.695,1.36051,1.36053,1.00,3.49
2014.06.02 08:30:39.005,1.36049,1.3605,2.25,3.00
2014.06.02 08:30:39.056,1.36049,1.36051,1.50,3.75
2014.06.02 08:30:39.159,1.36049,1.36051,1.50,2.55
2014.06.02 08:30:39.260,1.36049,1.36051,2.25,5.25
2014.06.02 08:30:39.804,1.36049,1.36051,1.00,1.50
2014.06.02 08:30:40.363,1.36049,1.3605,1.32,1.00
2014.06.02 08:30:40.668,1.36047,1.36049,3.94,2.25
2014.06.02 08:30:40.982,1.36046,1.36048,4.32,1.00
2014.06.02 08:30:42.225,1.36046,1.36048,3.00,1.00
2014.06.02 08:30:42.528,1.36047,1.36049,1.00,3.75
2014.06.02 08:30:42.731,1.36046,1.36048,6.57,1.00
2014.06.02 08:30:49.394,1.36046,1.36048,1.00,3.60
2014.06.02 08:30:51.294,1.36045,1.36047,4.50,1.00
2014.06.02 08:31:00.414,1.36046,1.36048,1.00,1.25
2014.06.02 08:31:05.602,1.36046,1.36047,2.25,1.00
2014.06.02 08:31:06.145,1.36047,1.36049,1.50,3.75
2014.06.02 08:31:06.500,1.36047,1.36049,1.50,4.50
2014.06.02 08:31:07.931,1.36047,1.36048,1.50,1.00
2014.06.02 08:31:08.795,1.36047,1.36049,1.50,4.50
2014.06.02 08:31:09.300,1.36047,1.36048,1.50,1.88
2014.06.02 08:31:10.132,1.36046,1.36047,1.00,1.00
2014.06.02 08:31:11.161,1.36046,1.36047,2.25,1.00
2014.06.02 08:31:11.363,1.36044,1.36047,6.94,1.00
2014.06.02 08:31:11.974,1.36044,1.36046,2.50,1.69
2014.06.02 08:31:12.280,1.36041,1.36044,4.69,5.55
2014.06.02 08:31:14.621,1.3604,1.36042,6.25,4.99
2014.06.02 08:31:15.135,1.3604,1.36042,1.00,4.99
2014.06.02 08:31:15.647,1.3604,1.36041,1.00,1.50
2014.06.02 08:31:17.150,1.3604,1.36042,1.00,6.49
2014.06.02 08:31:17.620,1.36039,1.36041,2.25,1.00
2014.06.02 08:31:19.491,1.3604,1.36041,1.00,1.00
2014.06.02 08:31:19.794,1.36042,1.36046,10.57,2.25
2014.06.02 08:31:20.101,1.36046,1.36047,1.50,1.13
2014.06.02 08:31:20.518,1.36044,1.36046,1.50,1.88
2014.06.02 08:31:20.720,1.36042,1.36043,2.25,1.00
2014.06.02 08:31:21.074,1.3604,1.36042,4.69,1.00
2014.06.02 08:31:23.443,1.3604,1.36043,5.44,3.30
2014.06.02 08:31:23.948,1.36041,1.36043,5.22,1.00
2014.06.02 08:31:25.804,1.3604,1.36042,2.44,2.50
2014.06.02 08:31:26.313,1.3604,1.36041,2.44,1.00
2014.06.02 08:31:39.197,1.36039,1.36042,3.38,4.88
2014.06.02 08:31:39.843,1.36038,1.36042,5.82,6.38
2014.06.02 08:31:40.362,1.36039,1.36042,1.00,5.44
2014.06.02 08:31:41.035,1.3604,1.36042,1.00,5.44
2014.06.02 08:31:44.699,1.36038,1.36042,4.69,8.82
2014.06.02 08:31:45.103,1.3604,1.36042,1.00,9.57
2014.06.02 08:31:45.205,1.36038,1.36042,6.94,9.01
2014.06.02 08:31:47.815,1.36039,1.36042,1.50,4.50
2014.06.02 08:31:54.145,1.36039,1.36042,1.50,6.75
2014.06.02 08:31:54.650,1.36039,1.36042,1.69,5.44
2014.06.02 08:31:57.800,1.36038,1.36041,4.69,2.82
2014.06.02 08:31:57.901,1.36037,1.3604,5.25,3.57
2014.06.02 08:31:58.684,1.36037,1.36038,3.00,1.00
2014.06.02 08:31:58.786,1.36034,1.36037,2.25,3.38
2014.06.02 08:31:58.838,1.36034,1.36036,1.50,3.00
2014.06.02 08:31:58.941,1.36033,1.36034,10.24,1.00
2014.06.02 08:31:59.195,1.36034,1.36036,1.50,2.25
2014.06.02 08:31:59.599,1.36035,1.36038,2.25,3.19
2014.06.02 08:32:00.357,1.36035,1.36038,6.19,2.25
2014.06.02 08:32:01.196,1.36037,1.36038,1.00,1.00
2014.06.02 08:32:01.349,1.36038,1.3604,1.00,4.50
2014.06.02 08:32:01.501,1.36044,1.36047,10.54,1.00
2014.06.02 08:32:01.907,1.36047,1.36049,3.19,1.13
2014.06.02 08:32:04.430,1.36047,1.36048,1.69,1.00
2014.06.02 08:32:07.231,1.36047,1.36049,1.13,2.25
2014.06.02 08:32:07.384,1.36052,1.36054,8.85,2.25
2014.06.02 08:32:07.891,1.36054,1.36055,1.50,1.00
2014.06.02 08:32:08.410,1.36055,1.36057,3.00,1.00
2014.06.02 08:32:13.391,1.36054,1.36056,1.69,1.00
2014.06.02 08:32:18.797,1.36055,1.36057,4.50,1.00
2014.06.02 08:32:21.439,1.36055,1.36057,3.75,1.00
2014.06.02 08:32:21.960,1.36055,1.36058,4.69,1.50
2014.06.02 08:32:22.445,1.36057,1.36058,1.50,1.00
2014.06.02 08:32:22.970,1.36057,1.3606,3.75,1.99
2014.06.02 08:32:24.255,1.36057,1.3606,3.38,2.32
2014.06.02 08:32:25.265,1.36056,1.36059,3.00,2.50
2014.06.02 08:32:25.568,1.36059,1.36061,1.00,6.00
2014.06.02 08:32:25.699,1.3606,1.36062,1.00,3.57
2014.06.02 08:32:25.953,1.3606,1.36062,1.69,4.24
2014.06.02 08:32:26.478,1.3606,1.36062,1.50,1.13
2014.06.02 08:32:28.769,1.3606,1.36061,1.50,1.50
2014.06.02 08:32:28.871,1.3606,1.36061,1.88,1.50
2014.06.02 08:32:29.376,1.36059,1.36061,2.25,1.50
2014.06.02 08:32:34.549,1.36056,1.36059,8.63,3.48
2014.06.02 08:32:34.753,1.36052,1.36056,1.88,12.38
2014.06.02 08:32:35.258,1.36053,1.36055,1.00,1.88
2014.06.02 08:32:37.700,1.36051,1.36054,6.75,2.50
2014.06.02 08:32:38.256,1.3605,1.36052,3.94,1.00
2014.06.02 08:32:38.307,1.36051,1.36052,1.69,2.25
2014.06.02 08:32:38.358,1.36052,1.36053,1.13,2.25
2014.06.02 08:32:38.509,1.36053,1.36055,1.00,5.25
2014.06.02 08:32:39.493,1.36052,1.36054,3.94,1.00
2014.06.02 08:32:40.900,1.36051,1.36053,7.13,2.50
2014.06.02 08:32:41.111,1.36051,1.36052,1.00,1.00
2014.06.02 08:32:42.824,1.36048,1.36051,3.19,1.00
2014.06.02 08:32:42.926,1.36048,1.36051,3.25,3.94
2014.06.02 08:32:43.382,1.3605,1.36051,3.75,1.50
2014.06.02 08:32:44.038,1.3605,1.36051,4.50,1.50
2014.06.02 08:32:44.240,1.36051,1.36053,1.00,3.00
2014.06.02 08:32:48.948,1.3605,1.36053,6.57,2.88
2014.06.02 08:32:51.372,1.3605,1.36052,3.94,1.00
2014.06.02 08:32:53.121,1.3605,1.36051,1.00,1.50
2014.06.02 08:32:53.576,1.36047,1.36049,4.50,1.00
2014.06.02 08:32:56.737,1.36047,1.36049,3.75,1.00
2014.06.02 08:32:57.096,1.36049,1.3605,1.00,1.50
2014.06.02 08:32:57.652,1.3605,1.36051,1.50,1.88
2014.06.02 08:32:57.803,1.3605,1.36052,1.50,2.63
2014.06.02 08:33:03.867,1.36051,1.36053,1.00,5.44
2014.06.02 08:33:08.706,1.3605,1.36051,2.63,1.00
2014.06.02 08:33:08.858,1.36048,1.3605,1.88,1.00
2014.06.02 08:33:08.911,1.36048,1.36049,1.88,1.00
2014.06.02 08:33:15.911,1.36048,1.3605,1.50,2.25
2014.06.02 08:33:20.297,1.36048,1.36049,1.50,1.00
2014.06.02 08:33:21.864,1.36048,1.3605,1.50,2.44
2014.06.02 08:33:22.358,1.36049,1.3605,1.32,1.50
2014.06.02 08:33:22.662,1.36049,1.36051,1.50,2.25
2014.06.02 08:33:22.865,1.36048,1.3605,2.07,1.00
2014.06.02 08:33:23.392,1.36048,1.36049,1.65,1.00
2014.06.02 08:33:24.449,1.36048,1.36049,1.65,1.00
2014.06.02 08:33:24.954,1.36048,1.3605,1.65,1.00
2014.06.02 08:33:25.473,1.3605,1.36051,1.00,1.50
2014.06.02 08:33:26.029,1.36049,1.36051,1.20,1.50
2014.06.02 08:33:26.332,1.36047,1.36049,3.15,1.00
2014.06.02 08:33:30.996,1.36047,1.36048,1.20,1.50
2014.06.02 08:33:31.536,1.36046,1.36047,1.00,1.50
2014.06.02 08:33:32.720,1.36045,1.36046,1.80,1.00
2014.06.02 08:33:33.024,1.3604,1.36042,1.99,3.25
2014.06.02 08:33:33.076,1.3604,1.36041,3.12,1.00
2014.06.02 08:33:33.581,1.3604,1.36041,1.13,1.00
2014.06.02 08:33:33.732,1.36039,1.36041,3.36,1.00
2014.06.02 08:33:34.411,1.3604,1.36042,1.00,1.77
2014.06.02 08:33:34.462,1.36041,1.36043,1.00,10.13
2014.06.02 08:33:37.600,1.36042,1.36043,1.35,5.82
2014.06.02 08:33:37.903,1.36045,1.36047,7.88,2.50
2014.06.02 08:33:38.157,1.36045,1.36048,12.94,1.00
2014.06.02 08:33:38.662,1.36046,1.36048,1.00,1.00
2014.06.02 08:33:40.878,1.36047,1.36048,1.00,1.00
2014.06.02 08:33:41.389,1.36047,1.3605,2.25,5.82
2014.06.02 08:33:44.585,1.36047,1.36049,1.88,1.00
2014.06.02 08:33:48.617,1.36048,1.3605,1.00,4.88
2014.06.02 08:33:48.668,1.36049,1.36053,1.75,11.63
2014.06.02 08:33:49.073,1.36048,1.3605,3.94,2.50
2014.06.02 08:33:56.714,1.36048,1.36049,1.00,1.25
2014.06.02 08:33:56.765,1.36046,1.36049,3.75,2.44
2014.06.02 08:33:57.270,1.36046,1.36047,1.50,1.00
2014.06.02 08:33:57.776,1.36047,1.36048,1.00,1.00
2014.06.02 08:33:58.109,1.36047,1.36048,1.00,1.50
2014.06.02 08:33:58.414,1.36041,1.36043,2.25,4.32
2014.06.02 08:33:58.921,1.3604,1.36041,3.00,1.00
2014.06.02 08:33:59.427,1.36039,1.36041,1.69,1.00
2014.06.02 08:34:00.344,1.3604,1.36041,2.25,1.00
2014.06.02 08:34:02.452,1.3604,1.36042,2.25,1.13
2014.06.02 08:34:02.553,1.36041,1.36043,1.00,5.44
2014.06.02 08:34:03.059,1.36041,1.36042,1.00,1.00
2014.06.02 08:34:03.655,1.3604,1.36042,3.00,1.00
2014.06.02 08:34:04.402,1.36041,1.36043,1.00,5.82
2014.06.02 08:34:04.455,1.3604,1.36042,3.00,1.13
2014.06.02 08:34:12.385,1.3604,1.36041,3.57,1.00
2014.06.02 08:34:13.064,1.36039,1.3604,1.00,1.13
2014.06.02 08:34:13.115,1.36038,1.36039,3.38,1.00
2014.06.02 08:34:13.216,1.36036,1.36039,3.19,4.00
2014.06.02 08:34:13.270,1.36036,1.36037,3.94,1.50
2014.06.02 08:34:13.874,1.36035,1.36037,4.69,1.50
2014.06.02 08:34:14.380,1.36035,1.36037,3.94,1.00
2014.06.02 08:34:14.582,1.36034,1.36036,7.13,1.00
2014.06.02 08:34:14.937,1.36035,1.36038,3.94,5.25
2014.06.02 08:34:16.909,1.36036,1.36037,1.69,1.00
2014.06.02 08:34:17.365,1.36036,1.36039,3.19,2.63
2014.06.02 08:34:18.134,1.36036,1.36038,8.44,1.00
2014.06.02 08:34:18.906,1.36036,1.36038,8.44,1.00
2014.06.02 08:34:22.357,1.36036,1.36038,9.94,1.00
2014.06.02 08:34:28.234,1.36036,1.36038,3.38,3.75
2014.06.02 08:34:28.386,1.36034,1.36036,5.44,3.25
2014.06.02 08:34:29.115,1.36033,1.36035,3.94,1.50
2014.06.02 08:34:29.622,1.36033,1.36035,2.44,1.00
2014.06.02 08:34:30.438,1.36034,1.36036,1.38,2.25
2014.06.02 08:34:31.444,1.36033,1.36035,4.09,1.00
2014.06.02 08:34:31.983,1.36034,1.36036,1.63,1.50
2014.06.02 08:34:32.766,1.36033,1.36034,6.53,1.00
2014.06.02 08:34:33.784,1.36033,1.36036,6.90,1.00
2014.06.02 08:34:35.068,1.36034,1.36036,3.94,1.00
2014.06.02 08:34:37.474,1.36035,1.36036,2.55,1.00
2014.06.02 08:34:37.778,1.36033,1.36034,3.19,1.00
2014.06.02 08:34:37.879,1.36033,1.36034,3.19,1.00
2014.06.02 08:34:38.182,1.36033,1.36035,7.32,1.00
2014.06.02 08:34:38.285,1.36033,1.36034,9.57,1.00
2014.06.02 08:34:38.790,1.36034,1.36035,1.00,1.00
2014.06.02 08:34:44.736,1.36035,1.36037,1.00,3.75
2014.06.02 08:34:45.090,1.36036,1.36039,4.19,3.75
2014.06.02 08:34:45.141,1.36037,1.36039,1.50,1.50
2014.06.02 08:34:45.646,1.36037,1.3604,3.94,1.50
2014.06.02 08:34:45.983,1.36039,1.36043,3.00,1.50
2014.06.02 08:34:46.289,1.36044,1.36046,5.25,1.13
2014.06.02 08:34:46.390,1.36045,1.36048,8.55,1.50
2014.06.02 08:34:46.543,1.36048,1.3605,1.00,3.45
2014.06.02 08:34:47.049,1.36048,1.36052,4.05,3.00
2014.06.02 08:34:47.150,1.36048,1.36052,3.68,3.00
2014.06.02 08:34:47.531,1.36048,1.36052,3.68,5.82
2014.06.02 08:34:47.842,1.36048,1.36052,2.93,5.82
2014.06.02 08:34:47.943,1.36048,1.36052,2.93,6.66
2014.06.02 08:34:50.282,1.36048,1.36049,2.55,1.00
2014.06.02 08:34:59.141,1.36049,1.36052,1.00,2.44
2014.06.02 08:35:01.719,1.36048,1.3605,3.30,1.00
2014.06.02 08:35:02.224,1.36047,1.3605,7.77,1.00
2014.06.02 08:35:07.378,1.36046,1.36048,1.84,1.00
2014.06.02 08:35:07.683,1.36046,1.36048,1.58,1.50
2014.06.02 08:35:07.998,1.36046,1.36048,1.58,2.63
2014.06.02 08:35:08.050,1.36046,1.36048,1.58,1.13
2014.06.02 08:35:08.303,1.36043,1.36047,2.25,13.51
2014.06.02 08:35:08.404,1.36044,1.36046,1.25,9.25
2014.06.02 08:35:08.556,1.36046,1.36048,1.00,2.25
2014.06.02 08:35:09.062,1.36045,1.36048,3.19,1.00
2014.06.02 08:35:10.052,1.36045,1.36047,2.25,3.00
2014.06.02 08:35:10.104,1.36043,1.36046,8.25,2.50
2014.06.02 08:35:10.609,1.36043,1.36046,2.25,4.69
2014.06.02 08:35:11.082,1.36044,1.36047,2.18,3.00
2014.06.02 08:35:11.183,1.36044,1.36047,2.18,3.25
2014.06.02 08:35:11.447,1.36044,1.36047,2.18,3.00
2014.06.02 08:35:11.740,1.36044,1.36045,2.18,1.00
2014.06.02 08:35:11.993,1.36044,1.36047,3.12,3.00
2014.06.02 08:35:12.447,1.36045,1.36047,1.88,2.50
2014.06.02 08:35:12.953,1.36046,1.36047,1.13,1.50
2014.06.02 08:35:13.357,1.36047,1.36049,1.50,1.50
2014.06.02 08:35:13.862,1.36047,1.36049,3.68,1.50
2014.06.02 08:35:14.828,1.36048,1.3605,3.00,1.00
2014.06.02 08:35:16.378,1.36048,1.36052,5.44,3.75
2014.06.02 08:35:17.354,1.36048,1.3605,3.00,1.00
2014.06.02 08:35:18.496,1.36048,1.36051,6.19,1.00
2014.06.02 08:35:19.001,1.36049,1.36051,1.13,1.13
2014.06.02 08:35:20.950,1.36049,1.3605,2.44,1.00
2014.06.02 08:35:22.815,1.36048,1.36049,5.25,1.00
2014.06.02 08:35:23.119,1.36048,1.3605,3.00,1.20
2014.06.02 08:35:23.624,1.36047,1.36049,1.50,1.69
2014.06.02 08:35:23.889,1.36044,1.36046,3.94,3.38
2014.06.02 08:35:24.243,1.36043,1.36045,1.50,3.95
2014.06.02 08:35:24.344,1.36041,1.36045,4.02,13.69
2014.06.02 08:35:24.850,1.36041,1.36045,4.02,15.19
2014.06.02 08:35:25.557,1.36041,1.36044,2.52,4.75
2014.06.02 08:35:25.897,1.36042,1.36044,1.00,3.75
2014.06.02 08:35:26.202,1.36042,1.36044,1.35,4.00
2014.06.02 08:35:26.708,1.36042,1.36044,1.30,3.25
2014.06.02 08:35:26.859,1.3604,1.36044,7.13,4.00
2014.06.02 08:35:27.112,1.36041,1.36044,1.02,6.75
2014.06.02 08:35:27.573,1.3604,1.36043,6.94,4.75
2014.06.02 08:35:27.927,1.36039,1.36042,1.69,5.25
2014.06.02 08:35:30.577,1.36039,1.36042,1.00,9.57
2014.06.02 08:35:33.107,1.36039,1.36041,1.00,3.75
2014.06.02 08:35:34.454,1.36039,1.3604,1.00,1.50
2014.06.02 08:35:34.555,1.36037,1.3604,1.80,2.26
2014.06.02 08:35:34.868,1.36037,1.36038,1.80,1.50
2014.06.02 08:35:35.020,1.36034,1.36036,1.50,4.88
2014.06.02 08:35:35.121,1.3603,1.36035,12.23,8.03
2014.06.02 08:35:35.349,1.36031,1.36034,1.13,8.03
2014.06.02 08:35:35.715,1.36031,1.36034,1.88,4.28
2014.06.02 08:35:36.225,1.36032,1.36034,1.00,3.53
2014.06.02 08:35:39.523,1.36033,1.36035,1.00,5.22
2014.06.02 08:35:39.635,1.36034,1.36036,1.00,1.69
2014.06.02 08:35:40.093,1.36037,1.36039,3.94,1.00
2014.06.02 08:35:40.144,1.36037,1.3604,5.07,6.38
2014.06.02 08:35:43.415,1.36037,1.3604,2.25,2.25
2014.06.02 08:35:43.668,1.36037,1.3604,2.25,6.38
2014.06.02 08:35:43.970,1.36039,1.36041,3.00,4.13
2014.06.02 08:35:44.172,1.36036,1.36038,1.13,3.00
2014.06.02 08:35:44.275,1.36032,1.36037,3.00,3.00
2014.06.02 08:35:44.579,1.36032,1.36034,1.00,3.15
2014.06.02 08:35:44.933,1.36033,1.36035,1.00,2.78
2014.06.02 08:35:45.035,1.36035,1.36036,3.38,2.63
2014.06.02 08:35:45.288,1.36033,1.36036,6.00,4.50
2014.06.02 08:35:45.706,1.36033,1.36034,1.25,1.88
2014.06.02 08:35:50.276,1.36033,1.36035,3.94,1.88
2014.06.02 08:35:50.479,1.36034,1.36036,1.25,3.00
2014.06.02 08:35:50.984,1.36035,1.36036,3.19,1.00
2014.06.02 08:35:51.517,1.36032,1.36035,4.69,7.88
2014.06.02 08:35:52.029,1.36034,1.36035,1.00,2.25
2014.06.02 08:35:52.283,1.36035,1.36038,3.38,2.25
2014.06.02 08:35:52.637,1.36034,1.36036,2.25,1.88
2014.06.02 08:35:52.842,1.36033,1.36035,2.18,1.50
2014.06.02 08:35:52.943,1.36031,1.36034,5.37,2.25
2014.06.02 08:35:52.994,1.36032,1.36034,1.60,1.50
2014.06.02 08:35:53.298,1.36034,1.36036,3.57,2.25
2014.06.02 08:35:53.400,1.36035,1.36038,1.69,2.25
2014.06.02 08:35:53.906,1.36035,1.36038,7.32,2.25
2014.06.02 08:35:54.555,1.36035,1.36038,6.57,2.25
2014.06.02 08:35:55.494,1.36035,1.36037,6.94,1.58
2014.06.02 08:35:55.545,1.36034,1.36036,3.75,1.00
2014.06.02 08:35:55.647,1.36032,1.36034,8.44,1.50
2014.06.02 08:35:56.177,1.36031,1.36034,6.19,1.88
2014.06.02 08:35:56.968,1.36033,1.36034,1.00,1.00
2014.06.02 08:35:58.027,1.36033,1.36035,1.00,4.50
2014.06.02 08:36:00.155,1.36033,1.36035,2.44,5.25
2014.06.02 08:36:00.306,1.36035,1.36037,3.38,2.25
2014.06.02 08:36:00.458,1.36036,1.36039,3.20,6.00
2014.06.02 08:36:00.560,1.36037,1.36039,4.50,4.50
2014.06.02 08:36:01.064,1.36038,1.3604,7.32,4.13
2014.06.02 08:36:01.770,1.36038,1.3604,4.32,1.00
2014.06.02 08:36:01.871,1.36039,1.36041,1.00,1.00
2014.06.02 08:36:03.317,1.36038,1.3604,3.19,2.50
2014.06.02 08:36:03.915,1.36039,1.36041,1.00,4.69
2014.06.02 08:36:08.575,1.36038,1.3604,1.50,5.44
2014.06.02 08:36:09.080,1.36038,1.36039,1.50,1.88
2014.06.02 08:36:09.891,1.36038,1.3604,1.50,16.69
2014.06.02 08:36:10.135,1.36036,1.36038,3.68,1.00
2014.06.02 08:36:11.902,1.36038,1.3604,1.50,14.44
2014.06.02 08:36:12.105,1.36036,1.36039,3.87,1.00
2014.06.02 08:36:12.611,1.36036,1.3604,3.12,19.32
2014.06.02 08:36:15.570,1.36036,1.3604,2.93,16.32
2014.06.02 08:36:16.572,1.36036,1.3604,3.87,14.44
2014.06.02 08:36:18.123,1.36036,1.36039,3.87,1.00
2014.06.02 08:36:19.903,1.36036,1.3604,3.12,16.69
2014.06.02 08:36:29.749,1.36038,1.3604,1.00,10.50
2014.06.02 08:36:30.290,1.36038,1.3604,1.00,9.00
2014.06.02 08:36:30.821,1.36038,1.36039,1.00,1.00
2014.06.02 08:36:31.326,1.36037,1.36039,2.07,1.00
2014.06.02 08:36:31.873,1.36038,1.36041,1.00,4.32
2014.06.02 08:36:37.930,1.36037,1.3604,7.32,1.00
2014.06.02 08:36:38.690,1.36038,1.36039,2.44,1.50
2014.06.02 08:36:40.099,1.36038,1.36039,2.44,1.50
2014.06.02 08:36:40.686,1.36038,1.36039,2.44,1.50
2014.06.02 08:36:52.096,1.36037,1.3604,5.44,1.00
2014.06.02 08:36:52.450,1.36038,1.36041,1.24,5.25
2014.06.02 08:36:53.019,1.36039,1.36041,1.50,3.00
2014.06.02 08:36:53.527,1.36039,1.36041,1.50,3.00
2014.06.02 08:36:55.157,1.36039,1.36042,3.00,3.57
2014.06.02 08:36:55.561,1.36041,1.36042,1.00,2.07
2014.06.02 08:36:56.066,1.3604,1.36042,1.50,2.07
2014.06.02 08:36:56.571,1.3604,1.36042,1.00,5.07
2014.06.02 08:36:57.078,1.3604,1.36042,1.00,5.07
2014.06.02 08:36:57.767,1.36039,1.36042,4.50,3.57
2014.06.02 08:37:00.135,1.3604,1.36042,1.00,5.44
2014.06.02 08:37:10.116,1.3604,1.36041,2.25,1.00
2014.06.02 08:37:11.922,1.3604,1.36041,2.25,1.00
2014.06.02 08:37:12.427,1.3604,1.36042,1.50,1.32
2014.06.02 08:37:12.734,1.3604,1.36042,1.50,2.82
2014.06.02 08:37:14.023,1.36041,1.36042,1.00,2.07
2014.06.02 08:37:16.017,1.3604,1.36042,1.50,3.00
2014.06.02 08:37:16.411,1.36039,1.36041,1.00,1.13
2014.06.02 08:37:16.514,1.36038,1.3604,3.00,2.25
2014.06.02 08:37:18.473,1.36038,1.36039,1.50,1.00
2014.06.02 08:37:18.631,1.36035,1.36038,6.00,4.51
2014.06.02 08:37:19.173,1.36034,1.36035,2.25,5.63
2014.06.02 08:37:19.337,1.36033,1.36035,1.00,9.75
2014.06.02 08:37:19.926,1.36031,1.36034,9.29,1.00
2014.06.02 08:37:20.078,1.36031,1.36033,8.72,1.00
2014.06.02 08:37:20.661,1.36031,1.36033,7.79,1.50
2014.06.02 08:37:33.724,1.36031,1.36033,1.50,6.00
2014.06.02 08:37:37.370,1.3603,1.36033,6.98,2.82
2014.06.02 08:37:39.863,1.3603,1.36033,11.82,2.63
2014.06.02 08:37:50.105,1.36031,1.36033,1.30,1.13
2014.06.02 08:37:50.409,1.36029,1.3603,1.13,3.75
2014.06.02 08:37:50.804,1.36027,1.36029,2.25,1.00
2014.06.02 08:37:52.986,1.36027,1.36028,1.00,1.00
2014.06.02 08:37:53.508,1.36027,1.36029,1.00,1.50
2014.06.02 08:37:56.084,1.36026,1.36029,4.62,1.50
2014.06.02 08:37:56.616,1.36026,1.36028,2.44,1.50
2014.06.02 08:38:08.340,1.36025,1.36028,4.69,2.63
2014.06.02 08:38:08.492,1.36025,1.36026,1.69,1.00
2014.06.02 08:38:08.997,1.36025,1.36027,1.25,2.25
2014.06.02 08:38:09.515,1.36025,1.36026,1.00,1.50
2014.06.02 08:38:11.078,1.36025,1.36027,1.32,1.50
2014.06.02 08:38:11.586,1.36025,1.36026,1.25,1.50
2014.06.02 08:38:11.893,1.36025,1.36028,5.07,7.24
2014.06.02 08:38:12.401,1.36025,1.36028,3.57,4.99
2014.06.02 08:38:12.934,1.36025,1.36028,2.07,5.37
2014.06.02 08:38:16.020,1.36024,1.36026,4.13,3.25
2014.06.02 08:38:16.275,1.36017,1.36019,1.00,1.00
2014.06.02 08:38:16.614,1.36017,1.36022,1.75,3.57
2014.06.02 08:38:16.717,1.36018,1.3602,3.25,3.75
2014.06.02 08:38:17.022,1.36019,1.3602,1.00,6.00
2014.06.02 08:38:17.073,1.36019,1.36022,1.75,1.50
2014.06.02 08:38:17.629,1.36018,1.36021,1.00,8.25
2014.06.02 08:38:18.143,1.36019,1.36021,5.82,2.50
2014.06.02 08:38:18.698,1.3602,1.36021,2.25,1.00
2014.06.02 08:38:22.126,1.36021,1.36022,2.25,1.00
2014.06.02 08:38:22.439,1.36023,1.36025,8.38,5.25
2014.06.02 08:38:22.796,1.36022,1.36025,3.15,6.94
2014.06.02 08:38:22.847,1.36022,1.36024,2.40,1.50
2014.06.02 08:38:23.606,1.36022,1.36024,1.35,4.13
2014.06.02 08:38:24.110,1.36022,1.36023,1.35,7.13
2014.06.02 08:38:25.213,1.36021,1.36022,1.00,1.00
2014.06.02 08:38:27.276,1.3602,1.36022,4.32,1.50
2014.06.02 08:38:27.504,1.36019,1.3602,1.50,1.50
2014.06.02 08:38:27.808,1.36017,1.36019,1.50,3.63
2014.06.02 08:38:28.315,1.36018,1.36019,1.00,1.00
2014.06.02 08:38:28.834,1.36017,1.3602,3.19,6.38
2014.06.02 08:38:29.339,1.36017,1.36019,1.69,1.88
2014.06.02 08:38:29.844,1.36016,1.36019,2.63,4.50
2014.06.02 08:38:30.147,1.36012,1.36014,2.25,2.44
2014.06.02 08:38:30.511,1.3601,1.36013,3.75,7.69
2014.06.02 08:38:30.562,1.3601,1.36013,2.25,8.44
2014.06.02 08:38:32.882,1.36009,1.36011,1.88,2.63
2014.06.02 08:38:33.336,1.36008,1.3601,2.25,3.38
2014.06.02 08:38:33.884,1.36007,1.36009,4.69,1.88
2014.06.02 08:38:34.507,1.36007,1.3601,4.99,6.75
2014.06.02 08:38:35.465,1.36006,1.36008,1.43,1.88
2014.06.02 08:38:35.971,1.36005,1.36007,5.85,1.00
2014.06.02 08:38:36.481,1.36005,1.36008,9.30,8.44
2014.06.02 08:38:37.493,1.36007,1.36011,3.26,7.13
2014.06.02 08:38:37.880,1.36011,1.36013,1.50,8.25
2014.06.02 08:38:37.934,1.3601,1.36013,1.88,8.44
2014.06.02 08:38:38.239,1.36007,1.3601,1.00,7.20
2014.06.02 08:38:38.700,1.36005,1.36008,9.04,4.88
2014.06.02 08:38:39.761,1.36005,1.36007,3.04,1.00
2014.06.02 08:38:40.387,1.36005,1.36006,1.05,1.00
2014.06.02 08:38:44.189,1.36005,1.36007,2.74,4.88
2014.06.02 08:38:44.703,1.36005,1.36008,3.49,6.38
2014.06.02 08:38:45.253,1.36005,1.36008,5.37,6.38
2014.06.02 08:38:46.202,1.36005,1.36008,3.87,6.38
2014.06.02 08:38:47.127,1.36006,1.36008,1.00,6.38
2014.06.02 08:38:49.413,1.36006,1.36007,1.69,1.00
2014.06.02 08:38:49.928,1.36005,1.36007,2.67,1.00
2014.06.02 08:38:51.362,1.36005,1.36006,2.18,1.00
2014.06.02 08:38:51.413,1.36003,1.36005,8.63,2.25
2014.06.02 08:38:51.767,1.36002,1.36003,4.69,1.00
2014.06.02 08:38:51.868,1.36002,1.36005,8.44,2.25
2014.06.02 08:38:52.070,1.36004,1.36005,1.00,1.00
2014.06.02 08:38:52.580,1.36004,1.36006,2.25,1.00
2014.06.02 08:38:53.943,1.36004,1.36005,1.50,1.00
2014.06.02 08:38:54.482,1.36003,1.36005,1.05,1.00
2014.06.02 08:38:55.075,1.36002,1.36005,1.80,8.44
2014.06.02 08:38:55.176,1.36,1.36004,12.72,5.50
2014.06.02 08:38:55.726,1.36002,1.36004,1.00,4.50
2014.06.02 08:38:56.232,1.36001,1.36004,1.00,9.44
2014.06.02 08:38:56.408,1.36,1.36004,8.97,9.44
2014.06.02 08:38:56.946,1.35999,1.36004,3.15,14.69
2014.06.02 08:38:58.627,1.36,1.36002,8.97,1.00
2014.06.02 08:38:59.198,1.35999,1.36001,3.57,1.00
2014.06.02 08:39:00.100,1.36001,1.36003,1.00,6.04
2014.06.02 08:39:00.303,1.36002,1.36003,4.88,1.13
2014.06.02 08:39:00.354,1.36003,1.36005,1.00,7.13
2014.06.02 08:39:00.877,1.36004,1.36005,1.50,1.50
2014.06.02 08:39:01.692,1.36003,1.36005,1.00,6.38
2014.06.02 08:39:01.995,1.36002,1.36003,2.25,1.13
2014.06.02 08:39:02.299,1.35997,1.35999,1.00,3.63
2014.06.02 08:39:02.564,1.35997,1.35999,1.99,1.73
2014.06.02 08:39:02.718,1.35998,1.36,3.94,1.13
2014.06.02 08:39:02.921,1.35999,1.36001,6.94,2.25
2014.06.02 08:39:03.425,1.35998,1.36001,3.57,1.13
2014.06.02 08:39:03.939,1.36,1.36002,5.80,1.25
2014.06.02 08:39:05.317,1.36,1.36002,3.00,1.65
2014.06.02 08:39:06.248,1.36,1.36002,6.63,1.50
2014.06.02 08:39:06.773,1.36001,1.36002,1.00,1.00
2014.06.02 08:39:07.277,1.36001,1.36003,1.50,2.59
2014.06.02 08:39:07.732,1.36003,1.36004,1.00,1.50
2014.06.02 08:39:08.048,1.36002,1.36004,10.05,1.00
2014.06.02 08:39:08.353,1.36003,1.36005,3.07,1.88
2014.06.02 08:39:08.456,1.36003,1.36005,2.69,1.13
2014.06.02 08:39:08.974,1.36004,1.36006,2.50,4.69
2014.06.02 08:39:10.355,1.36003,1.36005,2.82,4.73
2014.06.02 08:39:10.558,1.36,1.36002,2.25,4.00
2014.06.02 08:39:10.710,1.36001,1.36003,2.25,2.25
2014.06.02 08:39:11.215,1.36001,1.36003,2.25,1.00
2014.06.02 08:39:11.736,1.36002,1.36004,3.00,4.88
2014.06.02 08:39:12.043,1.36003,1.36005,7.32,1.13
2014.06.02 08:39:12.296,1.36004,1.36007,2.69,2.59
2014.06.02 08:39:12.801,1.36005,1.36007,1.00,1.00
2014.06.02 08:39:13.365,1.36005,1.36007,1.00,1.00
2014.06.02 08:39:14.072,1.36004,1.36007,3.75,5.82
2014.06.02 08:39:14.375,1.35999,1.36001,1.13,6.20
2014.06.02 08:39:14.525,1.35999,1.36002,1.88,5.44
2014.06.02 08:39:15.486,1.36001,1.36003,2.50,1.50
2014.06.02 08:39:16.606,1.36001,1.36003,1.00,4.13
2014.06.02 08:39:17.753,1.36,1.36002,4.05,1.00
2014.06.02 08:39:17.956,1.35999,1.36002,3.19,2.63
2014.06.02 08:39:19.285,1.35998,1.36,4.24,2.13
2014.06.02 08:39:19.793,1.35998,1.36,3.44,1.13
2014.06.02 08:39:20.688,1.35999,1.36,1.00,1.88
2014.06.02 08:39:20.941,1.35997,1.35999,2.25,4.38
2014.06.02 08:39:21.246,1.35989,1.35991,2.28,5.25
2014.06.02 08:39:21.349,1.35989,1.3599,1.28,1.88
2014.06.02 08:39:21.450,1.35988,1.3599,2.50,1.00
2014.06.02 08:39:21.503,1.35987,1.35989,6.00,1.00
2014.06.02 08:39:22.008,1.35986,1.35988,2.25,1.00
2014.06.02 08:39:22.160,1.35986,1.35988,1.50,1.88
2014.06.02 08:39:22.502,1.35979,1.35981,3.38,1.00
2014.06.02 08:39:22.780,1.35979,1.3598,3.23,1.00
2014.06.02 08:39:23.239,1.35979,1.35981,1.50,1.20
2014.06.02 08:39:23.571,1.35973,1.35979,10.50,8.54
2014.06.02 08:39:24.110,1.35974,1.35976,1.50,5.35
2014.06.02 08:39:24.263,1.35975,1.35976,1.50,5.85
2014.06.02 08:39:24.415,1.35973,1.35974,6.38,1.00
2014.06.02 08:39:24.516,1.35972,1.35973,1.50,1.00
2014.06.02 08:39:24.839,1.35966,1.35968,6.00,1.88
2014.06.02 08:39:24.893,1.35961,1.35965,1.00,10.85
2014.06.02 08:39:25.101,1.35956,1.35961,1.50,6.30
2014.06.02 08:39:25.241,1.35955,1.35957,6.25,8.63
2014.06.02 08:39:25.299,1.35955,1.35957,7.44,1.00
2014.06.02 08:39:25.502,1.35957,1.3596,5.99,3.57
2014.06.02 08:39:25.554,1.35959,1.35961,2.35,3.38
2014.06.02 08:39:25.605,1.35959,1.35962,4.17,2.25
2014.06.02 08:39:25.758,1.35964,1.35968,3.83,5.93
2014.06.02 08:39:26.267,1.35964,1.35969,9.30,4.62
2014.06.02 08:39:26.579,1.35966,1.3597,7.60,10.32
2014.06.02 08:39:26.891,1.35967,1.3597,3.75,2.70
2014.06.02 08:39:26.993,1.3597,1.35972,3.10,6.16
2014.06.02 08:39:27.195,1.3597,1.35972,2.88,3.23
2014.06.02 08:39:27.296,1.3597,1.35971,4.88,1.13
2014.06.02 08:39:27.448,1.35967,1.35968,4.88,1.50
2014.06.02 08:39:27.650,1.35962,1.35966,2.48,10.38
2014.06.02 08:39:27.802,1.35961,1.35963,3.98,1.00
2014.06.02 08:39:28.178,1.35959,1.35962,3.75,2.44
2014.06.02 08:39:28.381,1.35959,1.3596,3.75,3.38
2014.06.02 08:39:28.432,1.35956,1.35959,1.50,2.10
2014.06.02 08:39:28.534,1.35955,1.3596,23.00,4.88
2014.06.02 08:39:28.742,1.35955,1.35958,2.00,1.50
2014.06.02 08:39:29.147,1.35955,1.35956,2.00,2.44
2014.06.02 08:39:29.651,1.35955,1.35956,4.00,1.00
2014.06.02 08:39:29.803,1.35955,1.35958,5.50,7.40
2014.06.02 08:39:29.905,1.35956,1.3596,5.08,1.69
2014.06.02 08:39:29.956,1.35958,1.35963,4.35,4.50
2014.06.02 08:39:30.108,1.35963,1.35966,6.19,1.50
2014.06.02 08:39:30.211,1.35965,1.35969,7.84,1.50
2014.06.02 08:39:30.262,1.35965,1.35969,10.32,1.50
2014.06.02 08:39:30.313,1.35967,1.35969,3.72,1.50
2014.06.02 08:39:30.415,1.35967,1.35971,3.66,1.13
2014.06.02 08:39:30.777,1.35971,1.35972,1.00,1.00
2014.06.02 08:39:30.828,1.35971,1.35974,1.00,5.33
2014.06.02 08:39:31.339,1.35971,1.35974,1.50,3.57
2014.06.02 08:39:32.147,1.3597,1.35974,4.50,6.57
2014.06.02 08:39:32.299,1.3597,1.35971,1.88,1.00
2014.06.02 08:39:32.611,1.35967,1.35969,1.92,1.50
2014.06.02 08:39:32.865,1.35966,1.35969,1.09,6.19
2014.06.02 08:39:32.916,1.35965,1.35967,4.09,1.50
2014.06.02 08:39:33.220,1.35963,1.35965,3.38,8.30
2014.06.02 08:39:33.271,1.35962,1.35964,1.50,3.75
2014.06.02 08:39:33.776,1.35962,1.35963,1.00,2.25
2014.06.02 08:39:33.827,1.35962,1.35963,1.00,1.50
2014.06.02 08:39:34.130,1.35964,1.35968,6.07,5.44
2014.06.02 08:39:34.636,1.35964,1.35968,10.49,3.00
2014.06.02 08:39:34.787,1.35965,1.35968,5.29,2.25
2014.06.02 08:39:34.889,1.35969,1.35971,3.00,1.88
2014.06.02 08:39:35.215,1.3597,1.35973,6.07,1.00
2014.06.02 08:39:35.569,1.35971,1.35975,2.88,7.32
2014.06.02 08:39:36.682,1.35974,1.35976,1.00,8.25
2014.06.02 08:39:36.937,1.35976,1.35979,6.09,1.00
2014.06.02 08:39:37.443,1.35978,1.3598,1.02,3.38
2014.06.02 08:39:37.948,1.35976,1.35979,4.13,1.73
2014.06.02 08:39:38.693,1.35976,1.35979,3.75,3.23
2014.06.02 08:39:39.197,1.35977,1.35979,1.50,1.13
2014.06.02 08:39:40.588,1.35978,1.3598,1.00,6.57
2014.06.02 08:39:40.791,1.3598,1.35982,1.00,2.44
2014.06.02 08:39:41.301,1.35978,1.35982,7.58,4.69
2014.06.02 08:39:41.957,1.35978,1.35981,6.45,1.38
2014.06.02 08:39:42.059,1.35979,1.35981,4.64,1.13
2014.06.02 08:39:42.211,1.35978,1.35979,4.92,1.00
2014.06.02 08:39:42.616,1.35979,1.35982,5.67,1.88
2014.06.02 08:39:43.121,1.35979,1.35982,1.17,5.25
2014.06.02 08:39:43.474,1.35978,1.3598,1.50,1.38
2014.06.02 08:39:43.929,1.35978,1.35979,1.50,1.00
2014.06.02 08:39:44.030,1.35978,1.35979,1.50,1.00
2014.06.02 08:39:44.131,1.35978,1.35979,1.50,1.00
2014.06.02 08:39:44.232,1.35978,1.35979,1.50,1.00
2014.06.02 08:39:44.333,1.35978,1.35979,1.50,1.00
2014.06.02 08:39:44.536,1.3598,1.35981,2.25,3.75
2014.06.02 08:39:45.076,1.3598,1.35983,5.29,12.15
2014.06.02 08:39:45.859,1.3598,1.35982,3.60,1.38
2014.06.02 08:39:46.363,1.35979,1.35981,2.67,1.38
2014.06.02 08:39:47.894,1.35978,1.3598,1.50,2.88
2014.06.02 08:39:48.884,1.35979,1.35981,1.38,3.00
2014.06.02 08:39:49.036,1.35981,1.35983,1.00,14.22
2014.06.02 08:39:49.255,1.35981,1.35983,1.00,14.22
2014.06.02 08:39:49.356,1.35981,1.35983,1.00,14.22
2014.06.02 08:39:49.457,1.35981,1.35983,2.25,13.84
2014.06.02 08:39:49.558,1.35981,1.35982,3.45,1.00
2014.06.02 08:39:49.660,1.35982,1.35985,1.95,21.94
2014.06.02 08:39:49.770,1.35982,1.35985,2.33,20.07
2014.06.02 08:39:49.871,1.35982,1.35985,1.10,18.94
2014.06.02 08:39:49.972,1.35982,1.35985,1.10,18.57
2014.06.02 08:39:50.074,1.35981,1.35984,4.95,1.38
2014.06.02 08:39:50.175,1.35981,1.35984,4.95,1.38
2014.06.02 08:39:50.277,1.35981,1.35984,4.95,1.38
2014.06.02 08:39:50.446,1.35982,1.35984,1.20,1.38
2014.06.02 08:39:50.499,1.35982,1.35984,1.20,1.38
2014.06.02 08:39:50.600,1.35982,1.35984,1.10,1.38
2014.06.02 08:39:50.701,1.35983,1.35984,1.13,1.00
2014.06.02 08:39:50.752,1.35983,1.35985,4.35,8.25
2014.06.02 08:39:50.803,1.35985,1.35989,6.33,3.75
2014.06.02 08:39:50.854,1.35986,1.35988,6.19,3.38
2014.06.02 08:39:51.006,1.35988,1.3599,2.13,5.63
2014.06.02 08:39:51.511,1.3599,1.35992,1.13,3.94
2014.06.02 08:39:51.915,1.35988,1.35991,6.12,1.38
2014.06.02 08:39:52.802,1.35989,1.35992,1.25,7.88
2014.06.02 08:39:52.853,1.3599,1.35992,1.00,7.50
2014.06.02 08:39:53.106,1.35991,1.35993,1.15,3.38
2014.06.02 08:39:53.613,1.35991,1.35993,1.00,2.63
2014.06.02 08:39:54.239,1.35991,1.35992,1.00,1.13
2014.06.02 08:39:54.843,1.3599,1.35992,5.18,1.13
2014.06.02 08:39:55.196,1.3599,1.35993,7.68,3.00
2014.06.02 08:39:55.298,1.3599,1.35993,6.23,1.38
2014.06.02 08:39:55.613,1.3599,1.35993,7.23,1.00
2014.06.02 08:39:56.135,1.3599,1.35992,6.89,1.13
2014.06.02 08:39:56.750,1.3599,1.35992,4.62,2.13
2014.06.02 08:39:58.287,1.3599,1.35992,5.85,1.00
2014.06.02 08:39:59.156,1.3599,1.35992,6.89,1.00
2014.06.02 08:39:59.961,1.3599,1.35992,5.44,1.00
2014.06.02 08:40:00.687,1.3599,1.35991,4.05,1.50
2014.06.02 08:40:01.677,1.35989,1.35991,5.93,2.50
2014.06.02 08:40:02.183,1.35989,1.35991,2.55,3.68
2014.06.02 08:40:02.588,1.35987,1.35989,7.69,1.00
2014.06.02 08:40:03.512,1.35988,1.35989,1.15,1.00
2014.06.02 08:40:04.017,1.35988,1.3599,2.74,1.00
2014.06.02 08:40:04.119,1.35989,1.35991,3.90,1.97
2014.06.02 08:40:04.422,1.35991,1.35993,5.85,2.25
2014.06.02 08:40:06.836,1.35991,1.35993,9.41,1.13
2014.06.02 08:40:10.557,1.35991,1.35993,7.77,1.13
2014.06.02 08:40:13.181,1.35991,1.35994,6.27,3.00
2014.06.02 08:40:20.288,1.35992,1.35994,1.73,1.88
2014.06.02 08:40:20.389,1.35993,1.35995,2.44,10.88
2014.06.02 08:40:20.693,1.35994,1.35997,5.88,3.00
2014.06.02 08:40:20.847,1.35996,1.35998,3.79,2.25
2014.06.02 08:40:20.898,1.35994,1.35997,6.79,4.75
2014.06.02 08:40:20.952,1.35995,1.35996,2.25,2.25
2014.06.02 08:40:21.104,1.35994,1.35995,1.50,5.63
2014.06.02 08:40:21.408,1.35992,1.35995,1.32,10.50
2014.06.02 08:40:21.913,1.35992,1.35995,2.07,9.75
2014.06.02 08:40:22.552,1.35992,1.35995,1.32,13.50
2014.06.02 08:40:23.086,1.35991,1.35993,7.17,1.00
2014.06.02 08:40:24.043,1.35991,1.35993,5.25,1.00
2014.06.02 08:40:24.581,1.35991,1.35992,3.19,1.00
2014.06.02 08:40:25.091,1.3599,1.35992,10.50,1.00
2014.06.02 08:40:25.729,1.35991,1.35992,1.50,1.00
2014.06.02 08:40:26.057,1.35992,1.35993,1.88,1.00
2014.06.02 08:40:26.563,1.35991,1.35993,4.32,1.00
2014.06.02 08:40:27.093,1.35991,1.35992,3.00,1.00
2014.06.02 08:40:27.397,1.35993,1.35994,1.00,1.13
2014.06.02 08:40:27.700,1.35995,1.35996,3.75,1.50
2014.06.02 08:40:28.307,1.35994,1.35996,3.00,2.63
2014.06.02 08:40:28.592,1.35992,1.35994,4.54,1.00
2014.06.02 08:40:30.572,1.35993,1.35995,2.50,7.95
2014.06.02 08:40:30.875,1.35998,1.36001,6.23,1.88
2014.06.02 08:40:31.178,1.35999,1.36005,16.88,15.68
2014.06.02 08:40:31.583,1.36,1.36003,6.25,3.44
2014.06.02 08:40:31.787,1.36,1.36001,1.00,1.00
2014.06.02 08:40:31.889,1.35999,1.36,3.75,1.00
2014.06.02 08:40:32.092,1.36,1.36003,2.69,2.52
2014.06.02 08:40:32.145,1.36002,1.36003,1.00,2.52
2014.06.02 08:40:32.297,1.36003,1.36005,2.25,5.14
2014.06.02 08:40:32.842,1.36002,1.36005,3.94,6.64
2014.06.02 08:40:33.363,1.36002,1.36004,1.50,2.88
2014.06.02 08:40:33.464,1.36,1.36004,7.24,7.69
2014.06.02 08:40:33.818,1.35996,1.36,3.38,6.82
2014.06.02 08:40:34.123,1.35994,1.35996,6.75,6.57
2014.06.02 08:40:34.438,1.35995,1.36,10.36,21.00
2014.06.02 08:40:34.544,1.35999,1.36,1.13,3.75
2014.06.02 08:40:34.696,1.36,1.36002,2.10,2.63
2014.06.02 08:40:34.814,1.36001,1.36003,1.00,3.04
2014.06.02 08:40:35.421,1.36001,1.36003,1.05,1.50
2014.06.02 08:40:39.189,1.36001,1.36004,2.35,3.04
2014.06.02 08:40:39.753,1.36001,1.36004,5.02,1.69
2014.06.02 08:40:40.208,1.36003,1.36006,3.94,7.13
2014.06.02 08:40:40.360,1.36003,1.36006,3.00,14.07
2014.06.02 08:40:40.612,1.36005,1.36007,2.50,1.00
2014.06.02 08:40:41.067,1.36005,1.36007,14.37,1.00
2014.06.02 08:40:41.587,1.36005,1.36008,9.87,1.00
2014.06.02 08:40:42.246,1.36005,1.36009,22.09,2.25
2014.06.02 08:40:42.797,1.36006,1.36009,8.29,1.50
2014.06.02 08:40:43.151,1.36006,1.36009,2.25,4.94
2014.06.02 08:40:43.403,1.36006,1.36009,4.94,1.50
2014.06.02 08:40:43.910,1.36007,1.36009,14.92,1.50
2014.06.02 08:40:44.417,1.36007,1.3601,19.49,1.50
2014.06.02 08:40:44.922,1.36009,1.3601,1.00,1.88
2014.06.02 08:40:45.558,1.36008,1.3601,3.00,1.88
2014.06.02 08:40:45.712,1.36007,1.3601,4.62,4.00
2014.06.02 08:40:45.815,1.36009,1.3601,1.00,1.50
2014.06.02 08:40:46.321,1.3601,1.36012,3.90,3.44
2014.06.02 08:40:46.575,1.3601,1.36013,8.03,2.44
2014.06.02 08:40:46.726,1.36012,1.36014,1.00,3.94
2014.06.02 08:40:47.239,1.36013,1.36015,1.00,12.57
2014.06.02 08:40:47.877,1.36012,1.36015,3.75,10.69
2014.06.02 08:40:48.455,1.36012,1.36014,2.25,1.00
2014.06.02 08:40:48.963,1.36012,1.36013,2.25,1.00
2014.06.02 08:40:49.991,1.36011,1.36013,1.50,1.00
2014.06.02 08:40:50.296,1.36004,1.36007,3.00,7.92
2014.06.02 08:40:50.701,1.36004,1.36006,9.00,6.34
2014.06.02 08:40:51.205,1.36003,1.36005,1.00,4.13
2014.06.02 08:40:51.306,1.36001,1.36005,5.44,7.13
2014.06.02 08:40:51.812,1.36001,1.36005,5.44,7.50
2014.06.02 08:40:55.412,1.36001,1.36005,5.44,7.13
2014.06.02 08:40:57.423,1.36001,1.36005,5.44,9.19
2014.06.02 08:40:59.217,1.36002,1.36005,1.50,10.69
2014.06.02 08:41:00.697,1.36001,1.36004,5.44,2.25
2014.06.02 08:41:03.425,1.36001,1.36003,2.44,1.00
2014.06.02 08:41:05.397,1.36,1.36003,11.07,2.25
2014.06.02 08:41:05.599,1.36001,1.36004,2.70,3.38
2014.06.02 08:41:06.104,1.36003,1.36004,1.77,2.63
2014.06.02 08:41:06.508,1.36001,1.36004,4.69,2.63
2014.06.02 08:41:09.280,1.36003,1.36006,8.48,9.75
2014.06.02 08:41:09.388,1.36005,1.36007,3.23,1.50
2014.06.02 08:41:09.905,1.36005,1.36008,4.80,2.44
2014.06.02 08:41:10.212,1.36004,1.36006,4.13,1.00
2014.06.02 08:41:10.667,1.36002,1.36004,1.88,3.75
2014.06.02 08:41:10.768,1.36001,1.36004,2.85,5.44
2014.06.02 08:41:18.201,1.36002,1.36004,1.00,1.50
2014.06.02 08:41:22.702,1.36003,1.36005,1.00,20.63
2014.06.02 08:41:23.107,1.36002,1.36005,2.25,15.00
2014.06.02 08:41:23.613,1.36002,1.36004,1.50,1.00
2014.06.02 08:41:24.067,1.35994,1.36002,1.00,4.01
2014.06.02 08:41:24.581,1.35996,1.35998,1.88,3.75
2014.06.02 08:41:24.886,1.35992,1.35998,1.00,31.75
2014.06.02 08:41:25.196,1.35991,1.35994,4.75,4.13
2014.06.02 08:41:25.248,1.35991,1.35994,4.69,3.64
2014.06.02 08:41:27.673,1.35991,1.35993,2.44,1.00
2014.06.02 08:41:28.128,1.35984,1.35992,3.00,6.25
2014.06.02 08:41:28.434,1.35981,1.35988,3.38,24.80
2014.06.02 08:41:28.743,1.35978,1.3598,1.00,4.64
2014.06.02 08:41:28.907,1.35978,1.35979,1.50,1.50
2014.06.02 08:41:29.263,1.35977,1.35979,3.19,1.00
2014.06.02 08:41:29.820,1.35977,1.35978,2.25,1.13
2014.06.02 08:41:30.024,1.35974,1.35977,1.69,4.75
2014.06.02 08:41:30.330,1.35974,1.35976,2.13,6.19
2014.06.02 08:41:30.433,1.35973,1.35974,1.50,1.50
2014.06.02 08:41:30.484,1.35973,1.35974,1.50,1.88
2014.06.02 08:41:30.636,1.35971,1.35973,3.53,1.00
2014.06.02 08:41:31.043,1.35973,1.35976,6.25,7.50
2014.06.02 08:41:31.150,1.35976,1.35977,1.69,1.00
2014.06.02 08:41:31.404,1.35977,1.35979,3.98,4.13
2014.06.02 08:41:31.916,1.35978,1.3598,4.69,1.00
2014.06.02 08:41:32.323,1.35978,1.35981,5.44,1.00
2014.06.02 08:41:34.331,1.35979,1.35981,1.00,1.00
2014.06.02 08:41:34.991,1.35979,1.3598,1.50,1.00
2014.06.02 08:41:35.485,1.35979,1.35982,2.44,3.00
2014.06.02 08:41:35.537,1.35981,1.35982,1.00,1.50
2014.06.02 08:41:36.072,1.3598,1.35981,1.00,1.00
2014.06.02 08:41:36.602,1.3598,1.35982,1.00,1.00
2014.06.02 08:41:37.056,1.35982,1.35985,10.88,1.50
2014.06.02 08:41:37.160,1.35984,1.35985,1.69,2.25
2014.06.02 08:41:37.211,1.35984,1.35985,1.69,2.25
2014.06.02 08:41:37.262,1.35985,1.35987,3.63,3.75
2014.06.02 08:41:37.465,1.35987,1.35989,1.69,1.50
2014.06.02 08:41:37.516,1.35989,1.35991,1.00,3.75
2014.06.02 08:41:37.619,1.35988,1.3599,2.44,1.50
2014.06.02 08:41:38.153,1.35987,1.35989,5.07,2.25
2014.06.02 08:41:38.406,1.35988,1.3599,1.00,2.25
2014.06.02 08:41:39.145,1.35984,1.35989,8.10,1.75
2014.06.02 08:41:39.297,1.35984,1.35986,5.25,4.13
2014.06.02 08:41:39.399,1.35984,1.35985,1.00,6.75
2014.06.02 08:41:39.904,1.35983,1.35984,1.50,1.00
2014.06.02 08:41:40.423,1.35983,1.35984,1.00,1.13
2014.06.02 08:41:41.331,1.35984,1.35985,1.00,5.63
2014.06.02 08:41:41.685,1.35986,1.35987,3.94,1.00
2014.06.02 08:41:41.837,1.35987,1.35988,4.69,2.25
2014.06.02 08:41:42.829,1.35988,1.35989,1.00,1.00
2014.06.02 08:41:42.931,1.35988,1.3599,1.00,2.25
2014.06.02 08:41:45.222,1.35987,1.3599,2.70,6.75
2014.06.02 08:41:45.475,1.35986,1.35988,3.64,1.00
2014.06.02 08:41:45.999,1.35985,1.35987,6.02,1.00
2014.06.02 08:41:46.555,1.35985,1.35987,4.46,3.04
2014.06.02 08:41:46.808,1.35981,1.35984,11.82,2.25
2014.06.02 08:41:47.676,1.35983,1.35984,1.00,1.50
2014.06.02 08:41:47.726,1.35984,1.35986,3.64,1.00
2014.06.02 08:41:47.777,1.35985,1.35986,1.65,1.50
2014.06.02 08:41:47.930,1.35985,1.35988,7.47,2.25
2014.06.02 08:41:48.798,1.35985,1.35988,14.44,2.25
2014.06.02 08:41:49.335,1.35987,1.35988,2.44,1.50
2014.06.02 08:41:53.950,1.35988,1.3599,1.00,4.69
2014.06.02 08:41:54.941,1.35988,1.35989,1.00,1.00
2014.06.02 08:42:01.194,1.35988,1.3599,1.50,1.69
2014.06.02 08:42:01.882,1.35988,1.35989,1.32,1.00
2014.06.02 08:42:02.405,1.35989,1.3599,1.00,1.69
2014.06.02 08:42:02.919,1.35988,1.3599,1.32,1.69
2014.06.02 08:42:03.739,1.35989,1.3599,1.00,2.44
2014.06.02 08:42:04.718,1.35989,1.35991,6.60,1.50
2014.06.02 08:42:04.820,1.35991,1.35992,4.92,1.00
2014.06.02 08:42:04.921,1.35992,1.35994,1.00,3.75
2014.06.02 08:42:05.578,1.35993,1.35994,1.00,1.13
2014.06.02 08:42:06.083,1.35994,1.35995,1.00,13.50
2014.06.02 08:42:06.587,1.35993,1.35994,1.25,1.13
2014.06.02 08:42:07.107,1.35993,1.35995,2.82,3.00
2014.06.02 08:42:07.711,1.35993,1.35995,3.38,3.00
2014.06.02 08:42:08.217,1.35992,1.35995,5.82,12.00
2014.06.02 08:42:10.865,1.35992,1.35993,2.63,1.00
2014.06.02 08:42:11.371,1.35993,1.35995,1.00,7.99
2014.06.02 08:42:11.523,1.35994,1.35995,1.00,2.25
2014.06.02 08:42:11.624,1.35993,1.35995,9.00,3.25
2014.06.02 08:42:11.726,1.35993,1.35994,1.50,2.25
2014.06.02 08:42:12.480,1.35994,1.35995,1.00,10.43
2014.06.02 08:42:12.733,1.35994,1.35996,3.00,1.50
2014.06.02 08:42:13.239,1.35993,1.35995,1.00,4.88
2014.06.02 08:42:13.968,1.35993,1.35994,1.00,1.50
2014.06.02 08:42:14.545,1.35992,1.35994,1.35,2.63
2014.06.02 08:42:17.187,1.35992,1.35994,2.63,1.00
2014.06.02 08:42:17.744,1.35992,1.35994,1.88,1.50
2014.06.02 08:42:18.770,1.35993,1.35995,1.00,12.12
2014.06.02 08:42:19.298,1.35994,1.35996,1.88,2.25
2014.06.02 08:42:20.017,1.35994,1.35995,1.88,1.00
2014.06.02 08:42:20.859,1.35993,1.35995,2.25,2.63
2014.06.02 08:42:21.162,1.35992,1.35993,3.75,1.00
2014.06.02 08:42:21.314,1.3599,1.35992,6.00,1.00
2014.06.02 08:42:21.819,1.3599,1.35991,1.00,1.00
2014.06.02 08:42:22.571,1.35989,1.35991,1.50,5.44
2014.06.02 08:42:23.101,1.35989,1.3599,1.50,1.50
2014.06.02 08:42:23.809,1.35989,1.35991,1.88,5.25
2014.06.02 08:42:23.962,1.3599,1.35992,5.77,2.25
2014.06.02 08:42:24.678,1.35989,1.3599,1.88,1.50
2014.06.02 08:42:25.132,1.35987,1.35989,5.82,1.50
2014.06.02 08:42:25.284,1.35987,1.35989,5.44,1.50
2014.06.02 08:42:25.774,1.3599,1.35992,6.35,3.00
2014.06.02 08:42:26.280,1.35989,1.3599,1.50,2.25
2014.06.02 08:42:26.684,1.35987,1.35989,6.57,1.00
2014.06.02 08:42:26.786,1.35986,1.35988,1.50,3.25
2014.06.02 08:42:27.294,1.35986,1.35988,3.94,1.00
2014.06.02 08:42:27.548,1.35987,1.35988,1.00,1.00
2014.06.02 08:42:27.650,1.35987,1.35988,2.44,1.00
2014.06.02 08:42:28.170,1.35988,1.35989,1.00,1.50
2014.06.02 08:42:28.688,1.35988,1.3599,1.00,7.43
2014.06.02 08:42:29.440,1.35989,1.35991,1.00,2.63
2014.06.02 08:42:29.763,1.35992,1.35994,1.00,3.34
2014.06.02 08:42:29.816,1.35993,1.35994,1.00,4.05
2014.06.02 08:42:30.458,1.35991,1.35994,3.57,5.93
2014.06.02 08:42:31.031,1.35991,1.35993,3.57,1.00
2014.06.02 08:42:31.552,1.35992,1.35993,1.00,1.00
2014.06.02 08:42:32.079,1.35992,1.35994,1.00,5.18
2014.06.02 08:42:32.690,1.35991,1.35993,2.44,1.50
2014.06.02 08:42:32.894,1.3599,1.35992,2.67,4.05
2014.06.02 08:42:32.945,1.35989,1.35992,3.57,7.80
2014.06.02 08:42:34.027,1.35989,1.3599,1.00,4.13
2014.06.02 08:42:34.331,1.35983,1.35985,7.58,1.00
2014.06.02 08:42:34.586,1.35983,1.35986,8.52,2.63
2014.06.02 08:42:34.839,1.35982,1.35984,4.50,3.25
2014.06.02 08:42:34.942,1.35982,1.35983,1.50,2.25
2014.06.02 08:42:35.462,1.35981,1.35982,2.52,1.50
2014.06.02 08:42:35.968,1.35981,1.35983,2.52,11.63
2014.06.02 08:42:36.927,1.35981,1.35982,3.64,1.00
2014.06.02 08:42:37.432,1.3598,1.35982,7.51,1.50
2014.06.02 08:42:39.857,1.35981,1.35982,1.35,1.50
2014.06.02 08:42:40.366,1.3598,1.35982,8.64,1.50
2014.06.02 08:42:40.871,1.3598,1.35983,13.02,6.38
2014.06.02 08:42:41.377,1.35982,1.35983,2.70,3.38
2014.06.02 08:42:41.884,1.35983,1.35984,1.00,7.50
2014.06.02 08:42:42.409,1.35982,1.35984,5.33,1.88
2014.06.02 08:42:42.721,1.35983,1.35985,2.33,3.00
2014.06.02 08:42:42.923,1.35985,1.35987,1.13,4.32
2014.06.02 08:42:45.089,1.35985,1.35986,1.88,1.00
2014.06.02 08:42:45.241,1.35983,1.35985,2.25,3.63
2014.06.02 08:42:45.300,1.35981,1.35984,10.32,3.00
2014.06.02 08:42:45.351,1.35981,1.35984,8.82,3.00
2014.06.02 08:42:45.885,1.35981,1.35983,1.32,4.50
2014.06.02 08:42:46.529,1.35981,1.35983,2.29,3.75
2014.06.02 08:42:49.901,1.35982,1.35986,5.67,9.75
2014.06.02 08:42:50.210,1.35986,1.35989,3.75,1.00
2014.06.02 08:42:50.263,1.35987,1.35989,1.50,1.00
2014.06.02 08:42:51.971,1.35987,1.35989,11.29,1.00
2014.06.02 08:42:52.027,1.35989,1.35991,1.00,3.75
2014.06.02 08:42:52.131,1.3599,1.35991,2.25,3.00
2014.06.02 08:42:52.635,1.3599,1.35992,3.92,1.50
2014.06.02 08:42:53.830,1.3599,1.35992,3.17,2.63
2014.06.02 08:42:57.899,1.35991,1.35992,1.00,1.88
2014.06.02 08:42:58.001,1.35992,1.35995,1.00,20.21
2014.06.02 08:42:58.103,1.35993,1.35995,1.00,16.46
2014.06.02 08:42:58.609,1.35993,1.35994,1.00,1.50
2014.06.02 08:43:01.065,1.35991,1.35995,6.19,15.12
2014.06.02 08:43:01.424,1.35991,1.35993,6.19,1.00
2014.06.02 08:43:01.591,1.35991,1.35992,3.19,2.63
2014.06.02 08:43:02.107,1.35989,1.35991,1.00,1.50
2014.06.02 08:43:02.614,1.35989,1.35991,1.15,1.00
2014.06.02 08:43:08.787,1.3599,1.35992,1.00,5.44
2014.06.02 08:43:09.041,1.35991,1.35993,1.00,1.50
2014.06.02 08:43:09.563,1.35991,1.35994,3.75,2.74
2014.06.02 08:43:10.102,1.35993,1.35994,1.00,1.50
2014.06.02 08:43:10.408,1.35999,1.36001,1.13,6.38
2014.06.02 08:43:10.612,1.36,1.36003,4.88,3.94
2014.06.02 08:43:11.229,1.36001,1.36003,1.00,2.25
2014.06.02 08:43:14.224,1.36001,1.36003,1.00,1.00
2014.06.02 08:43:14.537,1.36001,1.36004,1.00,5.07
2014.06.02 08:43:15.066,1.36001,1.36004,1.50,6.82
2014.06.02 08:43:19.392,1.36001,1.36003,3.00,1.00
2014.06.02 08:43:20.235,1.36002,1.36004,1.00,3.00
2014.06.02 08:43:23.748,1.36,1.36003,1.50,6.12
2014.06.02 08:43:23.849,1.35997,1.36,1.00,15.23
2014.06.02 08:43:23.900,1.35997,1.35999,1.00,5.63
2014.06.02 08:43:24.002,1.35995,1.35998,2.25,6.57
2014.06.02 08:43:24.457,1.35992,1.35995,9.68,5.88
2014.06.02 08:43:24.780,1.35991,1.35993,3.38,6.57
2014.06.02 08:43:24.881,1.3599,1.35992,1.50,7.94
2014.06.02 08:43:24.983,1.35989,1.35991,1.58,4.50
2014.06.02 08:43:25.185,1.35989,1.35991,1.69,4.05
2014.06.02 08:43:25.709,1.35989,1.35991,5.37,1.00
2014.06.02 08:43:26.214,1.35991,1.35992,1.00,1.50
2014.06.02 08:43:32.153,1.35992,1.35995,1.00,16.09
2014.06.02 08:43:36.656,1.35992,1.35994,2.25,1.50
2014.06.02 08:43:37.539,1.35993,1.35994,1.50,1.50
2014.06.02 08:43:38.257,1.35992,1.35994,1.00,2.25
2014.06.02 08:43:38.763,1.35992,1.35994,1.58,3.25
2014.06.02 08:43:39.421,1.3599,1.35994,10.87,4.94
2014.06.02 08:43:39.524,1.35989,1.35991,5.63,3.00
2014.06.02 08:43:39.576,1.35989,1.35991,1.50,4.50
2014.06.02 08:43:39.627,1.35989,1.35991,1.00,8.07
2014.06.02 08:43:39.678,1.35987,1.35989,3.00,2.50
2014.06.02 08:43:40.967,1.35983,1.35987,3.00,11.88
2014.06.02 08:43:41.121,1.35983,1.35984,1.50,1.69
2014.06.02 08:43:41.658,1.35982,1.35983,1.50,2.25
2014.06.02 08:43:42.169,1.35981,1.35982,1.00,1.00
2014.06.02 08:43:43.268,1.35982,1.35983,1.50,2.25
2014.06.02 08:43:43.869,1.35982,1.35984,1.50,4.50
2014.06.02 08:43:44.374,1.35981,1.35984,1.25,6.00
2014.06.02 08:43:46.281,1.35983,1.35985,1.00,13.65
2014.06.02 08:43:50.665,1.35983,1.35984,1.00,1.00
2014.06.02 08:43:50.968,1.35985,1.35988,11.85,4.99
2014.06.02 08:43:51.222,1.35987,1.35989,1.00,3.30
2014.06.02 08:43:51.733,1.35988,1.35989,1.50,1.50
2014.06.02 08:43:52.283,1.35988,1.3599,1.00,3.00
2014.06.02 08:43:53.880,1.35987,1.35989,2.85,6.19
2014.06.02 08:43:54.032,1.35984,1.35986,7.50,10.13
2014.06.02 08:43:54.185,1.35986,1.35987,1.50,4.13
2014.06.02 08:43:54.466,1.35987,1.35988,2.25,1.50
2014.06.02 08:43:54.618,1.35985,1.35987,5.25,1.00
2014.06.02 08:43:54.721,1.35986,1.35988,1.50,4.43
2014.06.02 08:43:55.226,1.35987,1.35988,3.00,1.00
2014.06.02 08:43:56.388,1.35987,1.35989,3.75,1.00
2014.06.02 08:43:56.944,1.35987,1.3599,4.94,2.37
2014.06.02 08:43:57.046,1.35987,1.3599,8.07,1.50
2014.06.02 08:43:57.511,1.35987,1.3599,13.42,1.50
2014.06.02 08:43:57.813,1.35987,1.3599,7.32,1.50
2014.06.02 08:43:58.318,1.35987,1.35989,6.19,1.00
2014.06.02 08:43:58.571,1.35984,1.35987,9.38,1.75
2014.06.02 08:43:58.622,1.35984,1.35986,18.58,4.13
2014.06.02 08:43:58.723,1.35983,1.35985,1.00,9.76
2014.06.02 08:43:59.008,1.35983,1.35984,1.50,2.37
2014.06.02 08:43:59.261,1.35984,1.35986,2.26,1.00
2014.06.02 08:43:59.363,1.35984,1.35987,8.45,3.12
2014.06.02 08:43:59.532,1.35984,1.35988,11.82,7.73
2014.06.02 08:44:00.230,1.35986,1.35988,1.00,1.05
2014.06.02 08:44:00.584,1.35988,1.35989,1.00,7.17
2014.06.02 08:44:01.091,1.35988,1.3599,1.50,2.55
2014.06.02 08:44:01.596,1.35988,1.35989,1.00,5.74
2014.06.02 08:44:02.128,1.35987,1.35988,1.00,2.25
2014.06.02 08:44:02.894,1.35987,1.35989,1.00,5.29
2014.06.02 08:44:02.997,1.35988,1.3599,4.35,11.67
2014.06.02 08:44:03.528,1.35986,1.35988,9.04,2.25
2014.06.02 08:44:04.334,1.35986,1.35987,3.94,1.00
2014.06.02 08:44:04.588,1.35984,1.35986,9.00,3.98
2014.06.02 08:44:04.842,1.35981,1.35984,6.94,2.50
2014.06.02 08:44:05.449,1.35981,1.35984,6.94,5.25
2014.06.02 08:44:05.961,1.35981,1.35983,2.25,4.13
2014.06.02 08:44:06.164,1.3598,1.35981,8.63,2.25
2014.06.02 08:44:06.678,1.35979,1.35981,8.25,6.00
2014.06.02 08:44:07.190,1.35978,1.3598,6.75,5.50
2014.06.02 08:44:08.344,1.35979,1.35981,7.88,6.68
2014.06.02 08:44:08.879,1.35979,1.3598,1.00,1.50
2014.06.02 08:44:09.431,1.35979,1.35981,1.00,8.18
2014.06.02 08:44:10.037,1.35979,1.3598,2.63,1.00
2014.06.02 08:44:10.542,1.3598,1.35981,1.88,1.00
2014.06.02 08:44:11.047,1.3598,1.35982,5.63,1.00
2014.06.02 08:44:11.580,1.3598,1.35982,4.13,1.00
2014.06.02 08:44:13.014,1.3598,1.35983,6.57,3.30
2014.06.02 08:44:13.065,1.35981,1.35983,1.13,4.05
2014.06.02 08:44:13.584,1.35982,1.35984,3.75,1.00
2014.06.02 08:44:13.735,1.35983,1.35985,2.50,9.41
2014.06.02 08:44:13.786,1.35984,1.35985,1.00,7.62
2014.06.02 08:44:13.989,1.35982,1.35984,3.00,1.00
2014.06.02 08:44:14.521,1.35981,1.35983,3.75,1.00
2014.06.02 08:44:15.058,1.35982,1.35984,1.50,1.32
2014.06.02 08:44:15.361,1.35985,1.35987,1.00,12.12
2014.06.02 08:44:15.889,1.35984,1.35986,3.00,1.00
2014.06.02 08:44:17.218,1.35985,1.35986,1.50,1.00
2014.06.02 08:44:17.522,1.3599,1.35991,1.00,2.25
2014.06.02 08:44:18.027,1.3599,1.35993,3.38,13.39
2014.06.02 08:44:19.369,1.35991,1.35993,1.00,12.64
2014.06.02 08:44:19.674,1.35994,1.35995,2.63,7.30
2014.06.02 08:44:19.776,1.35994,1.35997,3.00,4.96
2014.06.02 08:44:20.129,1.35995,1.35998,4.73,1.00
2014.06.02 08:44:20.484,1.35997,1.35998,1.00,1.00
2014.06.02 08:44:20.838,1.35998,1.36,1.50,4.88
2014.06.02 08:44:21.141,1.35999,1.36002,3.57,3.75
2014.06.02 08:44:22.485,1.36,1.36003,4.32,3.68
2014.06.02 08:44:23.255,1.36001,1.36003,1.00,3.68
2014.06.02 08:44:23.769,1.36002,1.36004,1.50,3.00
2014.06.02 08:44:24.476,1.36002,1.36005,5.44,4.05
2014.06.02 08:44:24.981,1.36002,1.36003,2.44,1.00
2014.06.02 08:44:25.486,1.36002,1.36004,2.44,4.88
2014.06.02 08:44:25.789,1.36001,1.36002,1.50,1.00
2014.06.02 08:44:26.092,1.35998,1.36,1.00,7.13
2014.06.02 08:44:26.145,1.35997,1.35998,1.25,1.00
2014.06.02 08:44:27.047,1.35996,1.35998,3.19,1.00
2014.06.02 08:44:31.077,1.35994,1.35996,4.50,2.63
2014.06.02 08:44:31.402,1.35992,1.35994,5.44,3.68
2014.06.02 08:44:31.974,1.35992,1.35993,1.00,2.25
2014.06.02 08:44:32.477,1.35991,1.35993,3.94,2.25
2014.06.02 08:44:38.628,1.3599,1.35993,11.07,2.25
2014.06.02 08:44:40.987,1.3599,1.35992,10.32,1.00
2014.06.02 08:44:41.290,1.35988,1.35989,1.00,1.50
2014.06.02 08:44:41.442,1.35987,1.35989,1.50,1.50
2014.06.02 08:44:41.946,1.35986,1.35989,6.12,1.50
2014.06.02 08:44:43.207,1.35986,1.35988,5.18,1.00
2014.06.02 08:44:43.742,1.35986,1.35988,7.28,1.00
2014.06.02 08:44:43.793,1.35986,1.35988,7.28,1.00
2014.06.02 08:44:43.894,1.3599,1.35992,3.38,1.50
2014.06.02 08:44:44.046,1.35991,1.35992,1.00,1.00
2014.06.02 08:44:44.566,1.35991,1.35993,1.50,1.00
2014.06.02 08:44:48.038,1.35991,1.35994,2.25,6.49
2014.06.02 08:44:50.915,1.35991,1.35993,1.00,1.00
2014.06.02 08:44:51.594,1.3599,1.35992,11.44,1.00
2014.06.02 08:44:52.826,1.3599,1.35992,10.69,1.50
2014.06.02 08:44:54.163,1.3599,1.35992,10.69,1.50
2014.06.02 08:44:55.171,1.3599,1.35992,11.07,1.50
2014.06.02 08:44:59.107,1.35991,1.35993,1.00,1.00
2014.06.02 08:45:00.000,1.35991,1.35994,4.69,4.43
2014.06.02 08:45:00.307,1.35991,1.35993,4.69,1.50
2014.06.02 08:45:02.072,1.35992,1.35994,2.25,4.80
2014.06.02 08:45:02.378,1.35992,1.35995,3.75,8.55
2014.06.02 08:45:02.630,1.35992,1.35993,1.50,1.00
2014.06.02 08:45:03.161,1.35991,1.35993,7.69,1.00
2014.06.02 08:45:03.683,1.35991,1.35994,8.44,2.18
2014.06.02 08:45:04.430,1.35991,1.35994,8.69,2.18
2014.06.02 08:45:04.957,1.35991,1.35994,10.32,1.50
2014.06.02 08:45:05.008,1.35991,1.35994,8.07,1.50
2014.06.02 08:45:05.535,1.35991,1.35993,6.19,1.00
2014.06.02 08:45:10.233,1.35991,1.35993,6.19,1.38
2014.06.02 08:45:11.102,1.3599,1.35993,7.69,2.63
2014.06.02 08:45:11.204,1.35991,1.35993,1.00,4.50
2014.06.02 08:45:11.507,1.35979,1.35983,1.00,8.69
2014.06.02 08:45:11.562,1.35978,1.35981,2.44,4.00
2014.06.02 08:45:11.665,1.35978,1.3598,3.79,1.00
2014.06.02 08:45:12.443,1.35977,1.35979,3.00,1.00
2014.06.02 08:45:12.748,1.35974,1.35975,1.50,7.13
2014.06.02 08:45:12.952,1.35973,1.35974,1.00,1.00
2014.06.02 08:45:13.464,1.35972,1.35973,1.00,1.50
2014.06.02 08:45:13.975,1.35971,1.35973,5.07,1.50
2014.06.02 08:45:14.887,1.35972,1.35973,1.00,2.25
2014.06.02 08:45:15.425,1.35972,1.35973,1.00,1.00
2014.06.02 08:45:16.653,1.35971,1.35973,1.50,3.75
2014.06.02 08:45:16.906,1.35969,1.35971,6.00,3.00
2014.06.02 08:45:17.491,1.35968,1.35971,5.82,3.75
2014.06.02 08:45:18.818,1.35968,1.3597,4.69,1.50
2014.06.02 08:45:18.869,1.35967,1.35969,8.25,1.00
2014.06.02 08:45:19.375,1.35967,1.35969,1.92,1.50
2014.06.02 08:45:19.956,1.35968,1.35969,1.00,1.50
2014.06.02 08:45:20.429,1.35966,1.35968,2.82,1.00
2014.06.02 08:45:22.216,1.35966,1.35969,1.13,3.34
2014.06.02 08:45:22.723,1.35966,1.35969,7.84,1.50
2014.06.02 08:45:24.128,1.35967,1.35971,5.17,2.59
2014.06.02 08:45:24.180,1.35968,1.35971,2.50,3.34
2014.06.02 08:45:24.685,1.35968,1.3597,2.50,3.19
2014.06.02 08:45:24.837,1.35967,1.35969,1.50,3.94
2014.06.02 08:45:25.343,1.35967,1.3597,5.80,3.94
2014.06.02 08:45:25.933,1.35967,1.35971,6.50,9.19
2014.06.02 08:45:27.923,1.35968,1.3597,1.00,1.00
2014.06.02 08:45:28.428,1.35967,1.3597,7.24,1.88
2014.06.02 08:45:28.934,1.35967,1.35969,3.30,1.50
2014.06.02 08:45:29.439,1.35967,1.35968,1.00,1.00
2014.06.02 08:45:29.962,1.35966,1.35968,2.67,1.00
2014.06.02 08:45:30.487,1.35966,1.35968,3.98,1.08
2014.06.02 08:45:31.052,1.35963,1.35967,10.17,1.50
2014.06.02 08:45:31.206,1.35964,1.35965,1.50,1.50
2014.06.02 08:45:31.307,1.35962,1.35964,1.50,3.75
2014.06.02 08:45:31.610,1.35963,1.35965,4.50,1.00
2014.06.02 08:45:32.116,1.35964,1.35966,1.88,1.00
2014.06.02 08:45:36.500,1.35964,1.35966,4.75,1.00
2014.06.02 08:45:37.168,1.35964,1.35966,2.25,5.44
2014.06.02 08:45:37.220,1.35963,1.35966,4.88,16.81
2014.06.02 08:45:37.371,1.35961,1.35965,5.82,12.94
2014.06.02 08:45:37.995,1.35961,1.35965,5.44,11.07
2014.06.02 08:45:38.248,1.35965,1.35966,5.63,1.00
2014.06.02 08:45:38.451,1.35966,1.35968,4.13,1.88
2014.06.02 08:45:38.956,1.35967,1.35968,1.00,1.50
2014.06.02 08:45:39.763,1.35966,1.35968,1.32,2.73
2014.06.02 08:45:39.916,1.35964,1.35967,2.25,4.94
2014.06.02 08:45:40.420,1.35965,1.35967,1.50,4.19
2014.06.02 08:45:40.980,1.35965,1.35967,5.82,1.50
2014.06.02 08:45:41.183,1.35966,1.35969,5.07,1.00
2014.06.02 08:45:41.889,1.35967,1.35969,1.88,1.00
2014.06.02 08:45:42.293,1.35968,1.3597,1.00,3.00
2014.06.02 08:45:42.800,1.35968,1.3597,4.50,1.50
2014.06.02 08:45:45.466,1.35968,1.35969,1.50,1.00
2014.06.02 08:45:46.343,1.35968,1.3597,1.50,2.82
2014.06.02 08:45:49.747,1.35967,1.3597,4.32,3.38
2014.06.02 08:45:54.710,1.35967,1.35969,2.25,1.00
2014.06.02 08:45:55.222,1.35966,1.35969,8.44,1.00
2014.06.02 08:45:55.816,1.35966,1.35968,3.75,1.88
2014.06.02 08:45:56.138,1.35964,1.35966,1.50,1.50
2014.06.02 08:45:56.961,1.35963,1.35964,1.00,1.50
2014.06.02 08:45:57.886,1.35962,1.35964,3.94,2.25
2014.06.02 08:45:59.678,1.35962,1.35963,1.25,1.00
2014.06.02 08:46:00.199,1.35961,1.35963,4.80,1.00
2014.06.02 08:46:00.761,1.35961,1.35962,1.69,1.50
2014.06.02 08:46:01.294,1.35961,1.35963,1.69,1.00
2014.06.02 08:46:01.815,1.35962,1.35964,1.50,3.00
2014.06.02 08:46:02.373,1.35962,1.35963,2.25,1.00
2014.06.02 08:46:02.903,1.35961,1.35964,1.69,4.88
2014.06.02 08:46:07.607,1.35962,1.35964,1.00,6.00
2014.06.02 08:46:08.113,1.35963,1.35964,4.88,1.00
2014.06.02 08:46:08.315,1.35965,1.35967,1.00,1.13
2014.06.02 08:46:08.821,1.35964,1.35965,1.50,1.00
2014.06.02 08:46:09.275,1.35962,1.35965,7.69,1.50
2014.06.02 08:46:12.906,1.35962,1.35964,1.69,1.00
2014.06.02 08:46:13.562,1.35962,1.35963,1.69,1.00
2014.06.02 08:46:16.399,1.35961,1.35963,2.44,1.00
2014.06.02 08:46:16.985,1.35961,1.35964,1.69,4.88
2014.06.02 08:46:17.668,1.35962,1.35964,1.00,4.88
2014.06.02 08:46:17.974,1.35964,1.35967,10.50,1.00
2014.06.02 08:46:18.498,1.35965,1.35967,5.63,1.00
2014.06.02 08:46:19.364,1.35966,1.35968,2.25,4.58
2014.06.02 08:46:19.415,1.35966,1.35968,3.75,1.13
2014.06.02 08:46:19.921,1.35967,1.3597,1.00,22.62
2014.06.02 08:46:20.447,1.35969,1.3597,1.00,6.00
2014.06.02 08:46:21.204,1.35968,1.3597,2.25,1.13
2014.06.02 08:46:21.515,1.35966,1.35968,4.13,2.50
2014.06.02 08:46:21.820,1.35965,1.35967,1.58,7.88
2014.06.02 08:46:21.874,1.35964,1.35966,2.60,6.00
2014.06.02 08:46:22.636,1.35965,1.35966,1.20,2.25
2014.06.02 08:46:22.687,1.35965,1.35966,1.65,1.50
2014.06.02 08:46:22.839,1.35967,1.35969,5.85,3.38
2014.06.02 08:46:22.992,1.35965,1.35968,7.95,1.00
2014.06.02 08:46:23.196,1.35965,1.35966,5.40,1.00
2014.06.02 08:46:23.712,1.35964,1.35966,3.00,2.50
2014.06.02 08:46:24.393,1.35963,1.35965,2.50,9.00
2014.06.02 08:46:24.899,1.35963,1.35964,2.25,2.63
2014.06.02 08:46:26.389,1.35961,1.35964,5.14,3.38
2014.06.02 08:46:26.910,1.35962,1.35963,1.50,1.00
2014.06.02 08:46:27.366,1.35962,1.35963,1.25,2.63
2014.06.02 08:46:27.820,1.3596,1.35961,8.76,1.00
2014.06.02 08:46:28.484,1.3596,1.35962,8.68,1.13
2014.06.02 08:46:28.789,1.35961,1.35964,1.00,7.32
2014.06.02 08:46:29.905,1.35962,1.35964,1.00,6.00
2014.06.02 08:46:30.110,1.35964,1.35965,1.50,6.00
2014.06.02 08:46:30.633,1.35962,1.35964,1.13,1.50
2014.06.02 08:46:31.348,1.35962,1.35963,1.00,1.00
2014.06.02 08:46:31.551,1.3596,1.35962,7.18,1.00
2014.06.02 08:46:32.062,1.35959,1.35961,4.13,1.00
2014.06.02 08:46:34.036,1.35959,1.3596,1.00,2.25
2014.06.02 08:46:34.561,1.35959,1.35961,1.00,4.50
2014.06.02 08:46:35.751,1.35958,1.3596,1.50,1.88
2014.06.02 08:46:35.957,1.35958,1.3596,1.00,1.88
2014.06.02 08:46:36.485,1.35959,1.3596,3.75,1.50
2014.06.02 08:46:36.990,1.35958,1.3596,1.69,4.50
2014.06.02 08:46:39.851,1.35961,1.35964,12.00,5.63
2014.06.02 08:46:39.956,1.35963,1.35964,4.50,1.50
2014.06.02 08:46:40.460,1.35964,1.35965,1.00,1.00
2014.06.02 08:46:42.687,1.35964,1.35966,1.00,3.57
2014.06.02 08:46:42.841,1.35966,1.35967,1.00,3.94
2014.06.02 08:46:43.598,1.35966,1.35971,5.50,6.00
2014.06.02 08:46:43.803,1.35969,1.35971,2.33,3.19
2014.06.02 08:46:44.006,1.35969,1.3597,2.25,3.38
2014.06.02 08:46:44.158,1.35965,1.35967,2.25,2.50
2014.06.02 08:46:44.556,1.35966,1.35968,1.00,3.19
2014.06.02 08:46:44.658,1.35965,1.35967,1.00,5.44
2014.06.02 08:46:48.531,1.35965,1.35966,1.00,1.69
2014.06.02 08:46:48.834,1.35966,1.35968,1.00,1.50
2014.06.02 08:46:49.240,1.35968,1.3597,1.00,5.37
2014.06.02 08:46:51.225,1.35968,1.3597,1.00,2.74
2014.06.02 08:46:51.552,1.35965,1.35969,15.00,5.63
2014.06.02 08:46:51.604,1.35965,1.35966,9.00,7.88
2014.06.02 08:46:51.706,1.35963,1.35964,1.50,1.00
2014.06.02 08:46:52.216,1.35962,1.35964,3.00,5.25
2014.06.02 08:46:54.924,1.35961,1.35964,1.50,7.32
2014.06.02 08:46:55.823,1.35961,1.35963,1.00,1.00
2014.06.02 08:46:56.328,1.35961,1.35962,1.00,1.00
2014.06.02 08:46:56.833,1.3596,1.35962,5.44,1.00
2014.06.02 08:46:58.188,1.35959,1.35961,2.40,1.50
2014.06.02 08:46:58.340,1.35958,1.3596,3.75,1.13
2014.06.02 08:46:58.871,1.35959,1.3596,2.25,1.88
2014.06.02 08:46:59.431,1.35958,1.3596,1.50,2.13
2014.06.02 08:47:00.415,1.35959,1.3596,2.25,1.88
2014.06.02 08:47:01.512,1.3596,1.35961,1.00,1.88
2014.06.02 08:47:01.918,1.3596,1.35964,3.38,7.73
2014.06.02 08:47:02.073,1.35963,1.35966,6.63,5.25
2014.06.02 08:47:02.175,1.35965,1.35966,1.00,1.00
2014.06.02 08:47:02.700,1.35965,1.35967,1.00,8.14
2014.06.02 08:47:03.257,1.35966,1.35967,1.00,3.15
2014.06.02 08:47:03.475,1.35965,1.35967,7.50,1.50
2014.06.02 08:47:03.576,1.35965,1.35966,7.13,1.00
2014.06.02 08:47:04.081,1.35965,1.35967,2.63,1.69
2014.06.02 08:47:05.255,1.35965,1.35968,3.75,2.82
2014.06.02 08:47:06.396,1.35966,1.35968,1.00,1.88
2014.06.02 08:47:06.851,1.35967,1.3597,3.00,4.99
2014.06.02 08:47:06.954,1.35968,1.3597,1.00,3.87
2014.06.02 08:47:07.768,1.35969,1.35971,1.00,6.57
2014.06.02 08:47:08.287,1.35969,1.3597,1.00,1.13
2014.06.02 08:47:09.771,1.35969,1.3597,1.00,1.13
2014.06.02 08:47:09.975,1.35971,1.35972,1.00,4.09
2014.06.02 08:47:10.480,1.3597,1.35973,1.50,5.44
2014.06.02 08:47:10.753,1.3597,1.35973,1.00,7.57
2014.06.02 08:47:11.258,1.35971,1.35973,1.50,3.94
2014.06.02 08:47:12.591,1.35971,1.35973,1.88,1.69
2014.06.02 08:47:12.895,1.35976,1.35978,4.13,2.25
2014.06.02 08:47:13.200,1.35978,1.3598,2.25,5.63
2014.06.02 08:47:17.080,1.35978,1.3598,1.50,1.00
2014.06.02 08:47:17.686,1.35979,1.35981,1.00,3.00
2014.06.02 08:47:18.192,1.35981,1.35983,2.63,3.00
2014.06.02 08:47:18.243,1.35982,1.35984,2.50,3.75
2014.06.02 08:47:18.548,1.35985,1.35988,8.82,2.25
2014.06.02 08:47:18.649,1.35987,1.35989,1.00,3.30
2014.06.02 08:47:22.180,1.35986,1.35987,1.00,1.50
2014.06.02 08:47:22.282,1.35984,1.35986,3.19,1.00
2014.06.02 08:47:22.383,1.35985,1.35987,4.13,2.25
2014.06.02 08:47:22.484,1.35984,1.35986,2.25,3.75
2014.06.02 08:47:22.788,1.35981,1.35983,5.07,1.50
2014.06.02 08:47:23.091,1.3598,1.35982,1.00,1.88
2014.06.02 08:47:23.889,1.3598,1.35981,1.00,1.00
2014.06.02 08:47:24.683,1.35978,1.35981,2.63,4.00
2014.06.02 08:47:24.886,1.35977,1.35979,5.07,1.00
2014.06.02 08:47:25.593,1.35977,1.35978,5.07,1.41
2014.06.02 08:47:26.098,1.35976,1.35978,2.70,4.41
2014.06.02 08:47:26.768,1.35975,1.35977,7.88,1.00
2014.06.02 08:47:26.921,1.35975,1.35976,6.38,3.75
2014.06.02 08:47:27.427,1.35975,1.35977,6.57,1.41
2014.06.02 08:47:27.881,1.35973,1.35977,5.63,3.91
2014.06.02 08:47:28.389,1.35971,1.35974,9.75,5.55
2014.06.02 08:47:28.442,1.35971,1.35973,8.25,3.00
2014.06.02 08:47:28.954,1.35972,1.35973,1.00,1.41
2014.06.02 08:47:29.477,1.35971,1.35973,5.82,1.41
2014.06.02 08:47:32.604,1.35971,1.35973,5.82,1.41
2014.06.02 08:47:34.589,1.35971,1.35973,6.57,1.41
2014.06.02 08:47:36.638,1.35972,1.35974,1.00,6.29
2014.06.02 08:47:36.739,1.35973,1.35975,1.50,6.38
2014.06.02 08:47:36.790,1.35974,1.35975,1.13,4.50
2014.06.02 08:47:36.942,1.35975,1.35977,5.07,2.25
2014.06.02 08:47:36.993,1.35975,1.35977,7.69,1.50
2014.06.02 08:47:37.500,1.35975,1.35977,6.94,1.00
2014.06.02 08:47:38.537,1.35975,1.35977,8.82,1.00
2014.06.02 08:47:39.049,1.35975,1.35977,8.82,1.00
2014.06.02 08:47:39.557,1.35976,1.35979,1.00,4.24
2014.06.02 08:47:40.436,1.35978,1.35979,1.00,3.30
2014.06.02 08:47:41.992,1.35978,1.3598,1.00,4.17
2014.06.02 08:47:42.501,1.35978,1.3598,1.13,5.18
2014.06.02 08:47:43.072,1.35979,1.3598,1.00,2.74
2014.06.02 08:47:43.818,1.35979,1.35981,2.50,10.20
2014.06.02 08:47:44.329,1.3598,1.35982,1.32,1.00
2014.06.02 08:47:44.836,1.35979,1.3598,1.88,1.50
2014.06.02 08:47:46.256,1.3598,1.35981,1.00,2.74
2014.06.02 08:47:47.555,1.3598,1.35982,1.00,4.99
2014.06.02 08:47:50.304,1.35981,1.35982,1.50,2.74
2014.06.02 08:47:51.315,1.3598,1.35982,1.25,2.74
2014.06.02 08:47:52.224,1.3598,1.35983,7.13,6.00
2014.06.02 08:47:52.729,1.3598,1.35983,9.00,3.75
2014.06.02 08:47:55.626,1.35982,1.35983,1.00,3.00
2014.06.02 08:47:57.430,1.3598,1.35982,2.25,1.50
2014.06.02 08:47:57.936,1.35979,1.35982,4.88,3.00
2014.06.02 08:47:58.465,1.3598,1.35981,1.00,1.00
2014.06.02 08:47:59.016,1.35979,1.35981,1.13,5.25
2014.06.02 08:47:59.067,1.35976,1.3598,8.33,2.25
2014.06.02 08:47:59.269,1.35974,1.35976,4.13,1.13
2014.06.02 08:47:59.775,1.35976,1.35978,1.50,1.50
2014.06.02 08:48:00.293,1.35975,1.35977,6.75,1.00
2014.06.02 08:48:00.823,1.35976,1.35977,1.50,1.00
2014.06.02 08:48:01.237,1.35977,1.35979,1.00,4.69
2014.06.02 08:48:03.111,1.35977,1.35978,1.00,1.00
2014.06.02 08:48:03.162,1.35974,1.35977,7.13,2.25
2014.06.02 08:48:03.267,1.35974,1.35976,6.00,1.00
2014.06.02 08:48:03.672,1.35975,1.35977,6.00,1.00
2014.06.02 08:48:04.025,1.35976,1.35979,1.00,3.94
2014.06.02 08:48:04.534,1.35977,1.35979,1.00,2.44
2014.06.02 08:48:09.690,1.35977,1.35978,1.00,1.00
2014.06.02 08:48:09.740,1.35977,1.35978,1.00,1.00
2014.06.02 08:48:09.892,1.35973,1.35978,3.38,25.19
2014.06.02 08:48:10.197,1.35972,1.35973,1.25,1.00
2014.06.02 08:48:16.244,1.35971,1.35973,1.50,1.50
2014.06.02 08:48:17.594,1.35972,1.35973,1.00,3.00
2014.06.02 08:48:18.099,1.35971,1.35972,1.50,1.05
2014.06.02 08:48:18.604,1.3597,1.35972,2.25,2.05
2014.06.02 08:48:19.245,1.35971,1.35972,1.00,1.80
2014.06.02 08:48:20.147,1.3597,1.35972,3.00,1.80
2014.06.02 08:48:20.299,1.3597,1.35972,3.00,1.80
2014.06.02 08:48:20.400,1.35971,1.35972,1.00,1.50
2014.06.02 08:48:20.501,1.3597,1.35972,5.25,2.25
2014.06.02 08:48:20.603,1.3597,1.35972,6.75,1.50
2014.06.02 08:48:20.704,1.3597,1.35972,6.75,1.80
2014.06.02 08:48:20.805,1.3597,1.35972,6.75,1.80
2014.06.02 08:48:21.007,1.3597,1.35972,6.75,1.80
2014.06.02 08:48:21.108,1.3597,1.35972,6.75,1.80
2014.06.02 08:48:21.310,1.3597,1.35972,7.13,1.80
2014.06.02 08:48:21.412,1.3597,1.35972,7.13,1.80
2014.06.02 08:48:21.516,1.3597,1.35972,7.13,1.80
2014.06.02 08:48:22.042,1.3597,1.35972,6.38,1.80
2014.06.02 08:48:22.143,1.3597,1.35972,6.38,1.80
2014.06.02 08:48:22.244,1.3597,1.35972,6.38,1.80
2014.06.02 08:48:22.345,1.3597,1.35972,6.38,1.80
2014.06.02 08:48:22.447,1.3597,1.35972,6.38,1.80
2014.06.02 08:48:22.548,1.3597,1.35972,6.38,1.80
2014.06.02 08:48:22.650,1.3597,1.35972,6.38,1.80
2014.06.02 08:48:22.751,1.3597,1.35972,6.38,1.80
2014.06.02 08:48:22.852,1.3597,1.35972,6.38,1.80
2014.06.02 08:48:22.953,1.3597,1.35972,6.38,1.80
2014.06.02 08:48:23.055,1.3597,1.35972,6.38,1.80
2014.06.02 08:48:23.156,1.3597,1.35972,6.38,1.80
2014.06.02 08:48:23.257,1.3597,1.35972,6.38,1.80
2014.06.02 08:48:23.358,1.3597,1.35972,6.38,1.80
2014.06.02 08:48:23.459,1.3597,1.35972,6.38,1.80
2014.06.02 08:48:23.560,1.3597,1.35972,6.38,1.80
2014.06.02 08:48:23.662,1.3597,1.35972,6.38,1.80
2014.06.02 08:48:23.765,1.3597,1.35972,6.38,1.80
2014.06.02 08:48:23.866,1.3597,1.35972,6.38,1.80
2014.06.02 08:48:23.968,1.3597,1.35972,6.38,1.80
2014.06.02 08:48:24.069,1.3597,1.35972,6.38,1.80
2014.06.02 08:48:24.171,1.3597,1.35972,6.38,1.80
2014.06.02 08:48:24.272,1.3597,1.35972,6.38,1.80
2014.06.02 08:48:24.388,1.3597,1.35972,6.38,1.80
2014.06.02 08:48:24.540,1.3597,1.35972,6.38,1.80
2014.06.02 08:48:24.591,1.3597,1.35972,6.38,1.80
2014.06.02 08:48:24.692,1.3597,1.35972,6.38,1.80
2014.06.02 08:48:24.793,1.35969,1.3597,6.19,3.00
2014.06.02 08:48:25.097,1.35965,1.35969,6.38,20.26
2014.06.02 08:48:25.148,1.35964,1.35966,3.00,11.35
2014.06.02 08:48:25.199,1.35964,1.35968,2.88,3.75
2014.06.02 08:48:25.311,1.35964,1.35966,2.63,9.30
2014.06.02 08:48:25.412,1.35964,1.35967,2.88,3.75
2014.06.02 08:48:25.918,1.35965,1.35966,3.00,1.50
2014.06.02 08:48:26.625,1.35964,1.35965,1.69,1.00
2014.06.02 08:48:27.129,1.35962,1.35964,7.69,1.50
2014.06.02 08:48:28.379,1.35962,1.35964,1.25,5.25
2014.06.02 08:48:30.707,1.35963,1.35965,5.88,1.00
2014.06.02 08:48:31.009,1.35966,1.35967,1.00,1.00
2014.06.02 08:48:31.363,1.35966,1.35968,1.00,11.74
2014.06.02 08:48:33.671,1.35965,1.35967,9.57,1.00
2014.06.02 08:48:34.429,1.35964,1.35966,1.50,2.50
2014.06.02 08:48:34.986,1.35963,1.35966,2.44,3.00
2014.06.02 08:48:35.490,1.35962,1.35964,5.14,1.50
2014.06.02 08:48:41.469,1.35961,1.35964,2.25,5.44
2014.06.02 08:48:41.990,1.35961,1.35963,2.25,1.00
2014.06.02 08:48:44.507,1.35961,1.35964,2.25,7.62
2014.06.02 08:48:45.986,1.35961,1.35964,4.00,4.24
2014.06.02 08:48:46.289,1.35961,1.35965,8.69,3.57
2014.06.02 08:48:46.837,1.35961,1.35965,11.69,4.32
2014.06.02 08:48:49.416,1.35963,1.35966,1.00,18.30
2014.06.02 08:48:50.588,1.35965,1.35967,2.50,1.00
2014.06.02 08:48:50.743,1.35966,1.35967,1.00,1.00
2014.06.02 08:48:50.945,1.35966,1.35969,1.00,7.95
2014.06.02 08:48:51.453,1.35968,1.3597,1.00,4.24
2014.06.02 08:48:51.607,1.35969,1.3597,1.00,3.00
2014.06.02 08:48:52.135,1.35968,1.3597,1.50,3.30
2014.06.02 08:48:52.674,1.35969,1.3597,1.00,3.30
2014.06.02 08:48:54.111,1.35968,1.3597,1.50,3.30
2014.06.02 08:49:07.692,1.35969,1.3597,1.00,1.00
2014.06.02 08:49:08.197,1.35968,1.35971,5.63,1.69
2014.06.02 08:49:11.709,1.35969,1.35971,1.00,1.00
2014.06.02 08:49:12.388,1.35968,1.35971,6.94,1.50
2014.06.02 08:49:14.722,1.3597,1.35972,1.00,7.84
2014.06.02 08:49:15.262,1.35971,1.35973,1.50,10.05
2014.06.02 08:49:15.768,1.3597,1.35971,1.25,1.00
2014.06.02 08:49:16.312,1.3597,1.35971,1.25,1.50
2014.06.02 08:49:16.721,1.35968,1.3597,4.69,1.00
2014.06.02 08:49:17.517,1.35969,1.35972,3.00,5.97
2014.06.02 08:49:18.032,1.3597,1.35972,1.00,3.72
2014.06.02 08:49:18.642,1.35971,1.35972,1.00,1.00
2014.06.02 08:49:19.235,1.35971,1.35973,1.88,1.00
2014.06.02 08:49:27.067,1.35971,1.35973,2.44,1.00
2014.06.02 08:49:27.993,1.3597,1.35972,4.32,1.00
2014.06.02 08:49:28.889,1.35969,1.35971,5.44,1.50
2014.06.02 08:49:28.990,1.35968,1.3597,6.38,1.00
2014.06.02 08:49:29.495,1.35967,1.35969,2.82,1.00
2014.06.02 08:49:29.749,1.35968,1.3597,1.50,1.00
2014.06.02 08:49:29.799,1.35969,1.35971,1.00,3.94
2014.06.02 08:49:33.303,1.3597,1.35972,1.00,6.19
2014.06.02 08:49:35.020,1.35971,1.35972,1.00,3.75
2014.06.02 08:49:37.688,1.35971,1.35973,1.00,2.25
2014.06.02 08:49:38.350,1.35971,1.35972,1.00,1.50
2014.06.02 08:49:44.171,1.35971,1.35974,1.00,4.99
2014.06.02 08:49:48.433,1.35971,1.35974,1.25,8.40
2014.06.02 08:49:48.585,1.35969,1.35971,8.25,1.00
2014.06.02 08:49:48.637,1.35968,1.3597,4.50,1.50
2014.06.02 08:49:49.416,1.3597,1.35971,1.00,3.00
2014.06.02 08:49:50.022,1.35968,1.35971,4.69,5.25
2014.06.02 08:49:50.224,1.35969,1.35971,1.00,2.25
2014.06.02 08:49:50.327,1.35968,1.35971,7.32,1.50
2014.06.02 08:49:50.915,1.35969,1.35971,1.88,1.00
2014.06.02 08:49:51.423,1.35968,1.3597,4.13,1.00
2014.06.02 08:49:51.636,1.35969,1.35971,1.00,7.24
2014.06.02 08:49:52.157,1.35969,1.3597,3.12,1.50
2014.06.02 08:49:52.460,1.35964,1.35966,2.25,10.50
2014.06.02 08:49:52.513,1.35964,1.35965,1.50,6.75
2014.06.02 08:49:52.866,1.35966,1.35969,7.90,4.88
2014.06.02 08:49:53.375,1.35966,1.35969,7.43,1.50
2014.06.02 08:49:54.182,1.35967,1.35968,1.00,1.00
2014.06.02 08:49:54.733,1.35967,1.35968,1.15,1.00
2014.06.02 08:49:55.271,1.35967,1.35969,1.24,1.00
2014.06.02 08:49:55.777,1.35967,1.35969,1.24,1.50
2014.06.02 08:49:56.713,1.35967,1.3597,1.99,9.19
2014.06.02 08:49:58.173,1.35967,1.3597,2.37,6.57
2014.06.02 08:49:58.690,1.35967,1.35969,1.62,1.00
2014.06.02 08:49:59.298,1.35967,1.35969,1.62,1.00
2014.06.02 08:49:59.840,1.35967,1.35969,1.62,1.00
2014.06.02 08:50:00.423,1.35967,1.35969,1.99,1.00
2014.06.02 08:50:00.473,1.35968,1.35971,1.00,2.74
2014.06.02 08:50:01.454,1.35969,1.3597,1.00,3.00
2014.06.02 08:50:03.610,1.35968,1.35969,1.50,1.00
2014.06.02 08:50:03.914,1.35965,1.35967,7.50,1.00
2014.06.02 08:50:04.217,1.35962,1.35965,1.88,16.88
2014.06.02 08:50:04.722,1.35962,1.35963,1.00,2.25
2014.06.02 08:50:06.997,1.35962,1.35964,1.13,4.32
2014.06.02 08:50:10.605,1.35962,1.35964,2.88,7.13
2014.06.02 08:50:10.908,1.35963,1.35965,14.37,2.10
2014.06.02 08:50:11.427,1.35964,1.35968,6.93,8.44
2014.06.02 08:50:11.478,1.35965,1.35967,3.38,1.25
2014.06.02 08:50:12.009,1.35966,1.35968,5.05,1.00
2014.06.02 08:50:12.315,1.35968,1.35971,3.25,8.93
2014.06.02 08:50:12.467,1.35968,1.3597,5.80,1.50
2014.06.02 08:50:12.987,1.35968,1.3597,4.73,3.00
2014.06.02 08:50:13.527,1.35968,1.3597,4.73,3.00
2014.06.02 08:50:14.744,1.35968,1.3597,6.48,3.00
2014.06.02 08:50:18.282,1.35968,1.3597,5.48,2.25
2014.06.02 08:50:18.694,1.35966,1.35969,3.00,7.00
2014.06.02 08:50:19.003,1.35966,1.35968,2.10,2.25
2014.06.02 08:50:19.508,1.35966,1.35968,1.68,1.50
2014.06.02 08:50:19.609,1.35966,1.35968,2.48,1.50
2014.06.02 08:50:20.149,1.35966,1.35969,8.93,1.50
2014.06.02 08:50:20.672,1.35966,1.35968,6.30,2.25
2014.06.02 08:50:20.722,1.35965,1.35967,18.57,1.00
2014.06.02 08:50:22.993,1.35965,1.35967,4.69,1.00
2014.06.02 08:50:23.447,1.35966,1.35968,1.00,1.50
2014.06.02 08:50:23.952,1.35965,1.35967,12.68,1.00
2014.06.02 08:50:24.470,1.35966,1.35967,3.00,1.00
2014.06.02 08:50:24.973,1.35967,1.35968,1.00,1.50
2014.06.02 08:50:25.441,1.35967,1.3597,2.44,5.25
2014.06.02 08:50:28.225,1.35969,1.3597,1.50,3.98
2014.06.02 08:50:28.730,1.35968,1.3597,2.44,1.00
2014.06.02 08:50:31.022,1.35967,1.3597,3.19,4.73
2014.06.02 08:50:32.100,1.35969,1.3597,1.50,4.73
2014.06.02 08:50:32.756,1.35968,1.35969,1.00,1.00
2014.06.02 08:50:32.807,1.35967,1.35969,4.69,1.00
2014.06.02 08:50:33.367,1.35967,1.3597,3.19,6.23
2014.06.02 08:50:34.091,1.35968,1.3597,1.50,4.73
2014.06.02 08:50:35.492,1.35968,1.35969,1.50,1.00
2014.06.02 08:50:35.594,1.35966,1.35968,8.37,1.00
2014.06.02 08:50:37.568,1.35965,1.35967,1.00,1.00
2014.06.02 08:50:38.286,1.35966,1.35968,4.43,1.00
2014.06.02 08:50:41.267,1.35966,1.35968,4.62,1.00
2014.06.02 08:50:42.282,1.35967,1.35968,2.44,1.00
2014.06.02 08:50:42.384,1.35968,1.3597,2.44,8.48
2014.06.02 08:50:44.484,1.35968,1.3597,4.62,1.50
2
